-- phpMyAdmin SQL Dump
-- version 5.2.1
-- https://www.phpmyadmin.net/
--
-- Servidor: 127.0.0.1
-- Tiempo de generación: 21-03-2025 a las 15:04:41
-- Versión del servidor: 10.4.32-MariaDB
-- Versión de PHP: 8.2.12

SET SQL_MODE = "NO_AUTO_VALUE_ON_ZERO";
START TRANSACTION;
SET time_zone = "+00:00";


/*!40101 SET @OLD_CHARACTER_SET_CLIENT=@@CHARACTER_SET_CLIENT */;
/*!40101 SET @OLD_CHARACTER_SET_RESULTS=@@CHARACTER_SET_RESULTS */;
/*!40101 SET @OLD_COLLATION_CONNECTION=@@COLLATION_CONNECTION */;
/*!40101 SET NAMES utf8mb4 */;

--
-- Base de datos: `bd_venta`
--

-- --------------------------------------------------------

--
-- Estructura de tabla para la tabla `categorias`
--

CREATE TABLE `categorias` (
  `id_categoria` int(11) NOT NULL,
  `nombre` varchar(100) CHARACTER SET utf32 COLLATE utf32_general_ci DEFAULT NULL,
  `estado` varchar(10) CHARACTER SET utf32 COLLATE utf32_general_ci DEFAULT NULL
) ENGINE=InnoDB DEFAULT CHARSET=utf8 COLLATE=utf8_general_ci;

--
-- Volcado de datos para la tabla `categorias`
--

INSERT INTO `categorias` (`id_categoria`, `nombre`, `estado`) VALUES
(1, 'HD 08 AWG', 'inactivo'),
(2, 'HD 09 AWG', 'inactivo'),
(3, 'HD 10 AWG', 'inactivo'),
(4, 'HD 11 AWG', 'inactivo'),
(5, 'HD 12 AWG', 'inactivo'),
(6, 'HD 13 AWG', 'inactivo'),
(7, 'HD 14 AWG', 'inactivo'),
(8, 'HD 15 AWG', 'inactivo'),
(9, 'HD 16 AWG', 'inactivo'),
(10, 'HD 17 AWG', 'inactivo'),
(11, 'HD 18 AWG', 'inactivo'),
(12, 'HD 18 AWG', 'inactivo'),
(13, 'HD 19 AWG', 'inactivo'),
(14, 'HD 20 AWG', 'inactivo'),
(15, 'HD 21 AWG', 'inactivo'),
(16, 'HD 22 AWG', 'inactivo'),
(17, 'HD 23 AWG', 'inactivo'),
(18, 'HD 24 AWG', 'inactivo'),
(19, 'HD 25 AWG', 'inactivo'),
(20, 'HD 26 AWG', 'inactivo'),
(21, 'HD 27 AWG', 'inactivo'),
(22, 'HD 28 AWG', 'inactivo'),
(23, 'HD 29 AWG', 'inactivo'),
(24, 'HD 30 AWG', 'inactivo'),
(25, 'HD 31 AWG', 'inactivo'),
(26, 'HD 32 AWG', 'inactivo'),
(27, 'HD 33 AWG', 'inactivo'),
(28, 'HD 34 AWG', 'inactivo'),
(29, 'HD 35 AWG', 'inactivo'),
(30, 'HD 36 AWG', 'inactivo'),
(31, 'FIBRA TERCOTT M.T.S 020', 'inactivo'),
(32, 'FIBRA TERCOTT M.T.S 025', 'inactivo'),
(33, 'FIBRA TERCOTT M.T.S 030', 'inactivo'),
(34, 'FIBRA TERCOTT M.T.S 035', 'inactivo'),
(35, 'MANGUILLA CLASE B 1 MM', 'inactivo'),
(36, 'MANGUILLA CLASE B 2 MM', 'inactivo'),
(37, 'ALAMBRE', 'activo'),
(38, 'MATERIALES', 'activo'),
(39, 'EMBOBINADO', 'activo'),
(40, 'MANTENIMIENTO', 'activo'),
(41, 'PRENSA', 'activo'),
(42, 'REPUESTOS DE ALMACEN', 'activo'),
(43, 'REPUESTOS DE TALLER', 'activo'),
(44, 'TORNO', 'activo'),
(45, 'ALAMBRE ALUM', 'activo');

-- --------------------------------------------------------

--
-- Estructura de tabla para la tabla `cliente`
--

CREATE TABLE `cliente` (
  `id_cliente` varchar(15) NOT NULL,
  `nombre` varchar(50) NOT NULL,
  `telefono` varchar(10) NOT NULL,
  `direccion` varchar(50) NOT NULL,
  `email` varchar(100) NOT NULL,
  `ciudad` varchar(50) NOT NULL
) ENGINE=InnoDB DEFAULT CHARSET=utf8mb4 COLLATE=utf8mb4_general_ci;

--
-- Volcado de datos para la tabla `cliente`
--

INSERT INTO `cliente` (`id_cliente`, `nombre`, `telefono`, `direccion`, `email`, `ciudad`) VALUES
('1005550864', 'EINER RUIZ', '', 'TRANSV. 2 C SUR 71A - 14', '', 'SOLEDAD'),
('1045670584', 'ROMULO GUTIERREZ PADILLA', '', 'CALLE 45 No.29-100', '', 'BARRANQUILLA'),
('1045679266', 'KEVIN GUIO', '3046517889', 'CALLE 52A No.7A-21', '', 'SOLEDAD'),
('1045695195', 'JUAN NARANJO', '3003319289', 'CRA.26 No.73-82', '', 'BARRANQUILLA'),
('1140824293', 'JOSE MENDOZA', '', 'CARRERA 10B No.50-41', '', 'BARRANQUILLA'),
('1141345952', 'KEVIN GUIO', '', '', '', 'BARRANQUILLA'),
('1142359862', 'IVAN JEREZ', '', '', '', 'BARRANQUILLA'),
('1143145869', 'MELISSA SALCEDO', '', 'CALLE 45B No.10-46', '', 'BARRANQUILLA'),
('1143233330', 'YURGEN BENITEZ', '3004254259', 'CALLE 98E No.7F-142', '', 'BARRANQUILLA'),
('1143433635', 'VINCE MARTINEZ', '3043066578', '', '', 'BARRANQUILLA'),
('1143439664', 'EFRAIN ALBERTO MUÑOZ M.', '3157998260', 'CARRERA 40 No.36 - 36', '', 'BARRANQUILLA'),
('1143502324', 'JORDY JIMENEZ', '', '', '', 'BARRANQUILLA'),
('12611002', 'JULIO CCESAR SANCHEZ', '3183959554', '', '', 'CIENAGA MAGDALENA'),
('17972037', 'JAVIER BOTELLO', '3015756697', 'CALLE 109A No.12B - 135', '', 'BARRANQUILLA'),
('39491430-1', 'ALMACEN DE REFRIGERACCION LA 29', '3042432093', 'CALLE 29 No. 38-08', 'mayrepayares@gmail.com', 'BARRANQUILLA'),
('40988437', 'LUISA REAL MENDOZA', '', 'CALLE 41 No:33-29', '', 'BARRANQUILLA'),
('64546003', 'OSIRYS ESTHER GUZMAN', '3184020474', 'CL 29 No.38 -28', '', 'BARRANQUILLA'),
('64546003-9', 'OSIRYS ESTHER GUZMAN', '3184020474', 'CL 29 No.38 -28', '', 'BARRANQUILLA'),
('72018425', 'EDWIN GARCIA', '', '', '', 'BARRANQUILLA'),
('72143170', 'GUIDO SALGADO', '3112492699', 'CRA. 13A1 No.47-22', '', 'SOLEDAD 2000'),
('72163741', 'LEONARDO DIAZ', '3025575464', 'CL 88 2 DIG 2', '', 'BARRANQUILLA'),
('72170458', 'JUAN CARLOS OCHOA', '3002389646', 'CARRERA 9D No.36B-35', '', 'Barranquilla'),
('72174364', 'JESUS FLOREZ', '', '', '', 'BARRANQUILLA'),
('72180447', 'HECTOR MARTINEZ', '', 'CARRERA 10 SUR', '', 'BARRANQUILLA'),
('72189393', 'JORGE LUIS FERRER', '', 'CALLE 39 No.29-102', '', 'BARRANQUILLA'),
('72204558', 'DIOGENES ARRIETA', '3002648808', '', '', 'BARRANQUILLA'),
('72213949', 'STEVENSON SMITH', '321536522', 'CAR.22D No.75A - 46', '', 'Barranquilla'),
('72227512', 'EDWIN RODOLFO ALTAMAR HURTADO', '3016496211', 'CALLE 60 #13-59', '', 'BARRANQUII.LA'),
('72242160', 'EDISON GAMERO', '', '', '', 'BARRANQUILLA'),
('72262626', 'ARIEL COMAS', '3008245950', 'CARRERA 6SUR No.47A - 20', '', 'BARRANQUILLA'),
('72279556', 'JHON PEREIRA', '', 'CALLE 29 No.38-20', '', 'BARRANQUILLA'),
('72286130', 'FRANLIN MORENO SOÑEE', '3234802', 'CARRERA 17 No.65A - 09', '', 'BARRANQUILLA'),
('72288579', 'RONALD RODRIGUEZ', '', '', '', 'BARRANQUILLA'),
('72297793', 'ALFREDO ORTEGA', '', 'CARRERA 9SUR No.66-75', '', 'SOLEDAD'),
('72335468', 'DANNY GILL', '3017598037', '', '', 'BARRANQUILLA'),
('72338191', 'JORGE ORDOÑEZ', '', 'CALLE 16 No.22-57', '', 'BARRANQUILLA'),
('73270697', 'AQUILES ALVAREZ ALVAREZ', '3205453672', '', '', 'CALAMAR'),
('73432402', 'LEWIS DIAZ', '', 'CALLE 38 CRA.25 ESQ.', '', 'BARRANQUILLA'),
('7432170', 'ALCIDES RODRIGUEZ', '3135503231', 'CALLE 67 No.42-07', '', 'BARRANQUILLA'),
('7468953', 'HERNAN SANCHEZ', '', 'CARRERA 36A No.20-20', '', 'BARRANQUILLA'),
('7483096', 'NELSON VANEGAS', '3619730', 'CARRERA 40 No.33-08', '', 'BARRANQUILLA'),
('79411415', 'CARLOS CACERES', '3016301151', 'CRA. 1SUR No.43-03', '', 'BARRANQUILLA'),
('802319', 'GABRIEL SOTO', '3022288089', 'CARRERA 38 No.47 - 111', '', 'BARRANQUILLA'),
('8135692', 'JAVIER PALMA', '', '', '', 'BARRANQUILLA'),
('8510101', 'JULIO HERNANDEZ', '3126175037', '', '', 'SUAN'),
('8523694', 'ANEYDER YERENA', '', '', '', 'BARRANQUILLA'),
('852765', 'ARIZON MENDONZA', '', 'CALLE 37 No.40-21', '', 'BARRANQUILLA'),
('8532156', 'ROQUE ESCOBAR', '3157242232', 'CALLE 27A No.16-11', '', 'BARRANQUILLA'),
('8641989', 'NAYITH RUIZ', '3215324241', 'CARRERA 2 No.14-13', '', 'SABANALARGA'),
('8648557', 'LUIS ESTRADA', '', 'CALLE 15 No.11-71', '', 'BARRANQUILLA'),
('8665609', 'ELEUTERIO PINEDO', '', 'CARRERA 36 No.51B - 43', '', 'BARRANQUILLA'),
('8669044', 'FREDDY TORRES', '', 'CARREA 8 No.41-90 ALBORAYA', '', 'BARRANQUILLA'),
('8676264', 'WILSON MARTINEZ', '', 'CALLE 57 No.20-21', '', 'BARRANQUILLA'),
('8685994', 'ARTURO RANGEL', '3205182995', 'CARRERA 7 No.44-54', '', 'BARRNAQUILLA - ATLANTICO'),
('8690348', 'HECTOR ORELLANO', '3024797928', 'CALLE 50 No.7D - 69', '', 'BARRANQUILLA'),
('8690489', 'CARLOS PACHECO', '3145037146', 'CALLE 29 No.28-66', '', 'BARRANQUILLA'),
('8715796', 'LUIS RICARDO QUINTERO', '3126529558', 'CARRERA 13 No.54-30', '', 'BARRANQUILLA'),
('8719226', 'RUBEN RANGEL', '', 'CRA. 40 No. 37-24', '', 'BARRANQUILLA'),
('8722403', 'RUBEN MEJIA PEREZ', '', 'CALLE 53A No.14D-10', '', 'SOELDAD'),
('8722488', 'CARLOS GONGORA', '3126154249', 'CARRERA 24C No.64 - 95', '', 'Barranquilla'),
('8728402', 'JOSE FONTALVO MOZO', '3205794335', 'CRA. 43 entre 35 y 36', '', 'BARRANQUILLA'),
('8750427', 'ORLANDO BARRIOS', '', 'CCARRERA 33 No.23A-78', '', 'BARRANQUILLA'),
('8755926', 'EDINSON GUARDIOLA', '3215318572', 'CALLE 45B No.10-38', '', 'BARRANQUILLA'),
('8760590', 'RAFAEL ACOSTA', '', 'CALLE 20 No.31-62', '', 'SOLEDAD'),
('8770770', 'JAIR PRIETO', '3219630786', 'CARRERA 17 No.21-23', '', 'SOLEDAD'),
('8782380', 'EDINSON MORA', '3007124285', 'CARRERA 32 No.15-03', '', 'SOLEDAD'),
('8787980', 'MILTON CHARRIS', '', 'CALLE 45 No.15 - 115', '', 'SOLEDAD'),
('8802319', 'RUBEN DARIO SOTO', '', 'CARRERA 38 No.47-11', '', 'BARRANQUILLA'),
('890109864-6', 'ALMACEN EL EMBOBINADOR', '3415107', 'CALLE 57 No.41-73', '', 'BARRNAQUILLA - ATLANTICO'),
('900113846-4', 'RIEGO Y MAQUINARIA LTDA.', '6053519465', 'CALLE 45 No.52-05', '', 'BARRANQUILLA'),
('9110666', 'RAFAEL VARGAS', '3107455627', 'CARRERA 36 No.17-02', '', 'Barranquilla'),
('9113190', 'CESAR BARRIOS', '3003925421', 'CALLE 24 No.55-10', '', 'BARRANQUILLA'),
('CARLOS PACHECO', '8690489', '3145037146', 'CALLE 29 No.28-66', '', 'BARRANQUILLA'),
('JORDY JIMENEZ', '1143502324', '', '', '', 'BARRANQUILLA');

-- --------------------------------------------------------

--
-- Estructura de tabla para la tabla `detalle_ventas`
--

CREATE TABLE `detalle_ventas` (
  `id_ventas` int(11) DEFAULT NULL,
  `id_productos` varchar(100) DEFAULT NULL,
  `cantidad` decimal(9,3) DEFAULT NULL,
  `precio` decimal(20,2) DEFAULT NULL,
  `importe` decimal(20,2) DEFAULT NULL,
  `id_categoria` int(11) NOT NULL
) ENGINE=InnoDB DEFAULT CHARSET=utf8 COLLATE=utf8_general_ci;

--
-- Volcado de datos para la tabla `detalle_ventas`
--

INSERT INTO `detalle_ventas` (`id_ventas`, `id_productos`, `cantidad`, `precio`, `importe`, `id_categoria`) VALUES
(3, 'HD 28 AWG', 4.000, 78000.00, 312000.00, 37),
(4, 'HD 10 AWG', 3.500, 76000.00, 266000.00, 37),
(5, 'MTS.CORDEL DE AMARRE', 5.000, 600.00, 3000.00, 38),
(6, 'HD 29 AWG', 17.750, 77500.00, 1375625.00, 37),
(7, 'FIBRA PLAST. ECON 020', 1.000, 8000.00, 8000.00, 38),
(8, 'HD 19 AWG', 0.630, 74000.00, 46620.00, 37),
(9, 'HD 23 AWG', 0.250, 74500.00, 18625.00, 37),
(1001, 'HD 29 AWG', 1.500, 78500.00, 117750.00, 37),
(1001, 'HD 32 AWG', 0.500, 82000.00, 41000.00, 37),
(1001, 'HD 33 AWG', 0.500, 86500.00, 43250.00, 37),
(1002, 'HD 21 AWG', 8.010, 74500.00, 596745.00, 37),
(1003, 'HD 28 AWG', 4.000, 78000.00, 312000.00, 37),
(1004, 'HD 10 AWG', 3.500, 76000.00, 266000.00, 37),
(1005, 'MTS.CORDEL DE AMARRE', 5.000, 600.00, 3000.00, 38),
(1006, 'HD 29 AWG', 17.750, 77500.00, 1375625.00, 37),
(1007, 'FIBRA PLAST. ECONOM 020', 1.000, 8000.00, 8000.00, 38),
(1008, 'HD 18 AWG', 0.630, 74000.00, 46620.00, 37),
(1008, 'MANGUILLA CLASE B 2 MM', 5.000, 1000.00, 5000.00, 38),
(1009, 'HD 23 AWG', 0.250, 74500.00, 18625.00, 37),
(1010, 'HD 20 AWG', 10.000, 74000.00, 740000.00, 37),
(1011, 'HD 19 AWG', 0.500, 74000.00, 37000.00, 37),
(1011, 'MANGUILLA CLASE B 1 MM', 2.000, 1000.00, 2000.00, 38),
(1012, 'HD 12 AWG', 3.000, 69000.00, 207000.00, 37),
(1013, 'HD 11 AWG', 1.000, 69000.00, 69000.00, 37),
(1014, 'HD 22 AWG', 2.000, 74500.00, 149000.00, 37),
(1015, 'HD 11 AWG', 1.500, 69000.00, 103500.00, 37),
(1015, 'HD 14 AWG', 1.000, 72000.00, 72000.00, 37),
(1016, 'HD 8 AWG', 5.530, 74000.00, 409220.00, 37),
(1016, 'MANGUILLA CLASE B 4 MM', 1.000, 1300.00, 1300.00, 38),
(1017, 'HD 13 AWG', 1.250, 70000.00, 87500.00, 37),
(1017, 'HD 14 AWG', 1.000, 72000.00, 72000.00, 37),
(1018, 'HD 30 AWG', 1.000, 78500.00, 78500.00, 37),
(1019, 'HD 31 AWG', 1.000, 79500.00, 79500.00, 37),
(1020, 'CAPERUZA PLAST 18-24 HP', 1.000, 55000.00, 55000.00, 42),
(1021, 'HD 20 AWG', 4.200, 74000.00, 310800.00, 37),
(1021, 'HD 22 AWG', 9.600, 74500.00, 715200.00, 37),
(1021, 'FIBRA TERCOTT M.T.S 020', 2.000, 35000.00, 70000.00, 37),
(1022, 'CABLE SIL.No.14', 1.000, 9900.00, 9900.00, 38),
(1022, 'MANGUILLA CLASE B 1 MM', 3.000, 700.00, 2100.00, 38),
(1022, 'MANGUILLA CLASE B 5 MM', 2.000, 2100.00, 4200.00, 38),
(1022, 'MTS.CORDEL DE AMARRE', 10.000, 600.00, 6000.00, 38),
(1023, 'HD 23 AWG', 1.000, 74500.00, 74500.00, 37),
(1024, 'HD 25 AWG', 0.250, 71000.00, 17750.00, 37),
(1025, 'HD 18 AWG', 0.200, 74000.00, 14800.00, 37),
(1025, 'HD 20 AWG', 0.280, 74000.00, 20720.00, 37),
(1026, 'HD 29 AWG', 1.000, 78500.00, 78500.00, 37),
(1026, 'HD 32 AWG', 0.500, 82000.00, 41000.00, 37),
(1027, 'HD 14 AWG', 2.250, 72000.00, 162000.00, 37),
(1028, 'HD 22 AWG', 0.250, 74500.00, 18625.00, 37),
(1029, 'HD 23 AWG', 1.500, 74500.00, 111750.00, 37),
(1030, 'HD 15 AWG', 1.500, 70000.00, 105000.00, 37),
(1030, 'HD 15 ALUMINIO', 3.000, 30000.00, 90000.00, 45),
(1030, 'HD 18 ALUMINIO', 3.000, 30000.00, 90000.00, 45),
(1031, 'HD 14 AWG', 3.000, 72000.00, 216000.00, 37),
(1031, 'HD 15 AWG', 0.500, 70000.00, 35000.00, 37),
(1031, 'HD 17 AWG', 2.000, 74500.00, 149000.00, 37),
(1031, 'HD 19 AWG', 0.500, 74000.00, 37000.00, 37),
(1031, 'MANGUILLA CLASE B 2 MM', 1.000, 1000.00, 1000.00, 38),
(1031, 'MANGUILLA CLASE B 3 MM', 1.000, 1300.00, 1300.00, 38),
(1032, 'HD 29 AWG', 17.850, 77500.00, 1383375.00, 37),
(1033, 'HD 32 AWG', 16.400, 80000.00, 1312000.00, 37),
(1034, 'HD 13 AWG', 0.630, 70000.00, 44100.00, 37),
(1035, 'HD 14 AWG', 0.500, 72000.00, 36000.00, 37),
(1036, 'HD 32 AWG', 5.000, 82000.00, 410000.00, 37),
(1037, 'HD 10 AWG', 1.500, 76000.00, 114000.00, 37),
(1038, 'HD 23 AWG', 0.250, 74500.00, 18625.00, 37),
(1039, 'HD 29 AWG', 2.000, 78500.00, 157000.00, 37),
(1039, 'HD 32 AWG', 0.500, 82000.00, 41000.00, 37),
(1039, 'MANGUILLA CLASE B 2 MM', 5.000, 1000.00, 5000.00, 38),
(1040, 'HD 26 AWG', 10.970, 73500.00, 806295.00, 37),
(1040, 'HD 27 AWG', 3.000, 70000.00, 210000.00, 37),
(1040, 'HD 29 AWG', 18.000, 77500.00, 1395000.00, 37),
(1040, 'HD 30 AWG', 18.900, 77000.00, 1455300.00, 37),
(1040, 'HD 32 AWG', 16.400, 80000.00, 1312000.00, 37),
(1040, 'HD 33 AWG', 7.820, 86000.00, 672520.00, 37),
(1040, 'HD 34 AWG', 9.740, 102000.00, 993480.00, 37),
(1041, 'HD 22 AWG', 1.000, 75500.00, 75500.00, 37),
(1041, 'HD 27 AWG', 1.000, 71000.00, 71000.00, 37),
(1042, 'HD 29 AWG', 1.500, 78500.00, 117750.00, 37),
(1042, 'HD 31 AWG', 0.500, 79500.00, 39750.00, 37),
(1042, 'HD 32 AWG', 1.200, 82000.00, 98400.00, 37),
(1043, 'HD 23 AWG', 0.750, 76500.00, 57375.00, 37),
(1043, 'HD 22 AWG', 0.250, 75500.00, 18875.00, 37),
(1044, 'HD 12 AWG', 1.000, 69000.00, 69000.00, 37),
(1044, 'HD 13 AWG', 1.500, 74000.00, 111000.00, 37),
(1045, 'HD 23 AWG', 0.250, 76500.00, 19125.00, 37),
(1046, 'HD 16 AWG', 1.000, 75000.00, 75000.00, 37),
(1046, 'HD 12 ALUMINIO', 3.000, 30000.00, 90000.00, 45),
(1046, 'HD 11 ALUMINIO', 23.570, 30000.00, 707100.00, 45),
(1046, 'HD 16 ALUMINIO', 1.000, 30000.00, 30000.00, 45),
(1046, 'HD 17 ALUMINIO', 1.500, 30000.00, 45000.00, 45),
(1046, 'HD 18 ALUMINIO', 1.500, 30000.00, 45000.00, 45),
(1047, 'HD 18 AWG', 0.200, 75500.00, 15100.00, 37),
(1048, 'HD 21 AWG', 0.130, 75500.00, 9815.00, 37),
(1048, 'HD 22 AWG', 0.150, 75500.00, 11325.00, 37),
(1049, 'HD 23 AWG', 0.250, 76500.00, 19125.00, 37),
(1050, 'HD 8 AWG', 15.990, 73800.00, 1180062.00, 37),
(1051, 'HD 27 AWG', 0.500, 71000.00, 35500.00, 37),
(1051, 'HD 32 AWG', 0.130, 82000.00, 10660.00, 37),
(1052, 'HD 22 AWG', 9.000, 75500.00, 679500.00, 37),
(1053, 'HD 14 AWG', 4.500, 72000.00, 324000.00, 37),
(1053, 'HD 15 ALUMINIO', 2.000, 30000.00, 60000.00, 37),
(1054, 'HD 18 AWG', 0.200, 75500.00, 15100.00, 37),
(1055, 'HD 16 AWG', 1.000, 75000.00, 75000.00, 37),
(1056, 'HD 29 AWG', 0.500, 78500.00, 39250.00, 37),
(1056, 'HD 30 AWG', 0.500, 78500.00, 39250.00, 37),
(1056, 'HD 32 AWG', 0.500, 82000.00, 41000.00, 37),
(1057, 'HD 30 AWG', 1.000, 78500.00, 78500.00, 37),
(1058, 'HD 25 AWG', 9.000, 71000.00, 639000.00, 37),
(1059, 'HD 28 AWG', 2.000, 78000.00, 156000.00, 37),
(1059, 'HD 30 AWG', 2.000, 78500.00, 157000.00, 37),
(1060, 'HD 21 AWG', 1.250, 75500.00, 94375.00, 37),
(1061, 'HD 29 AWG', 17.850, 77500.00, 1383375.00, 37),
(1062, 'HD 22 AWG', 1.500, 75500.00, 113250.00, 37),
(1063, 'HD 19 AWG', 10.000, 75500.00, 755000.00, 37),
(1063, 'HD 22 AWG', 5.000, 75500.00, 377500.00, 37),
(1063, 'HD 23 AWG', 5.000, 76500.00, 382500.00, 37),
(1063, 'HD 26 AWG', 5.000, 74500.00, 372500.00, 37),
(1064, 'HD 31 AWG', 1.800, 79500.00, 143100.00, 37),
(1065, 'HD 22 AWG', 0.630, 75500.00, 47565.00, 37),
(1066, 'HD 22 AWG', 2.500, 75500.00, 188750.00, 37),
(1067, 'HD 29 AWG', 1.000, 78500.00, 78500.00, 37),
(1067, 'HD 32 AWG', 1.000, 82000.00, 82000.00, 37),
(1068, 'HD 11 AWG', 1.500, 69000.00, 103500.00, 37),
(1068, 'HD 8 ALUMINIO', 4.500, 30000.00, 135000.00, 37),
(1069, 'HD 23 AWG', 0.250, 76500.00, 19125.00, 37),
(1070, 'HD 25 AWG', 0.600, 71000.00, 42600.00, 37),
(1070, 'HD 27 AWG', 0.250, 71000.00, 17750.00, 37),
(1070, 'HD 29 AWG', 1.000, 78500.00, 78500.00, 37),
(1070, 'HD 32 AWG', 1.300, 82000.00, 106600.00, 37),
(1071, 'HD 20 AWG', 1.000, 76000.00, 76000.00, 37),
(1072, 'HD 29 AWG', 0.750, 78500.00, 58875.00, 37),
(1073, 'HD 33 AWG', 1.500, 90800.00, 136200.00, 37),
(1074, 'HD 24 AWG', 0.500, 74500.00, 37250.00, 37),
(1075, 'HD 23 AWG', 0.750, 76500.00, 57375.00, 37),
(1076, 'HD 25 AWG', 0.130, 71000.00, 9230.00, 37),
(1077, 'HD 33 AWG', 12.200, 90400.00, 1102880.00, 37),
(1078, 'HD 11 ALUMINIO', 4.000, 30000.00, 120000.00, 45),
(1079, 'HD 24 AWG', 0.750, 74500.00, 55875.00, 37),
(1080, 'HD 9 AWG', 4.950, 74000.00, 366300.00, 37),
(1080, 'FIBRA PLAST ECON.020', 2.500, 8000.00, 20000.00, 38),
(1080, 'MANGUILLA CLASE B 2 MM', 3.000, 1000.00, 3000.00, 38),
(1080, 'MANGUILLA CLASE B 3 MM', 3.000, 1300.00, 3900.00, 38),
(1080, 'MANGUILLA CLASE B 4 MM', 3.000, 1300.00, 3900.00, 38),
(1081, 'HD 10 AWG', 3.000, 76000.00, 228000.00, 38),
(1082, 'HD 18 AWG', 0.250, 75500.00, 18875.00, 37),
(1083, 'HD 22 AWG', 0.750, 75500.00, 56625.00, 37),
(1083, 'HD 23 AWG', 1.000, 76500.00, 76500.00, 37),
(1083, 'FIBRA TERCOTT M.T.S 020', 0.500, 35000.00, 17500.00, 38),
(1083, 'FIBRA TERCOTT M.T.S 025', 0.500, 38000.00, 19000.00, 38),
(1084, 'HD 10 AWG', 6.000, 76000.00, 456000.00, 37),
(1084, 'FIBRRA PRESPAN PESCAO 020', 2.000, 9000.00, 18000.00, 38),
(1085, 'HD 22 AWG', 1.000, 75500.00, 75500.00, 37),
(1086, 'HD 22 AWG', 2.000, 75000.00, 150000.00, 37),
(1087, 'HD 28 AWG', 3.000, 77000.00, 231000.00, 37),
(1088, 'HD 32 AWG', 0.500, 82000.00, 41000.00, 37),
(1088, 'HD 33 AWG', 0.500, 88500.00, 44250.00, 37),
(1088, 'MANGUILLA CLASE B 2 MM', 5.000, 1000.00, 5000.00, 38),
(1088, 'FIBRA PLASTIF.ECONOM.020', 1.000, 8000.00, 8000.00, 38),
(1089, ' HD 23 AWG', 0.250, 75000.00, 18750.00, 37),
(1090, 'HD 21 AWG', 0.750, 75000.00, 56250.00, 37),
(1090, 'HD 23 AWG', 0.250, 75000.00, 18750.00, 37),
(1091, 'HD 8 ALUMINIO', 5.460, 30000.00, 163800.00, 45),
(1091, 'HD 15 ALUMINIO', 4.000, 30000.00, 120000.00, 45),
(1091, 'HD 18 ALUMINIO', 4.000, 30000.00, 120000.00, 45),
(1091, 'HD 11 AWG', 0.500, 69000.00, 34500.00, 37),
(1092, 'HD 23 AWG', 0.180, 76500.00, 13770.00, 37),
(1093, 'HD 33 AWG', 17.450, 87800.00, 1532110.00, 37),
(1095, 'HD 25 AWG', 0.500, 71000.00, 35500.00, 37),
(1096, 'HD 23 AWG', 0.250, 75000.00, 18750.00, 37),
(1096, 'HD 31 AWG', 1.000, 79500.00, 79500.00, 37),
(1097, 'HD 9 AWG', 8.480, 73000.00, 619040.00, 37),
(1098, 'HD 23 AWG', 0.250, 75000.00, 18750.00, 37),
(1099, 'HD 12 AWG', 2.500, 69000.00, 172500.00, 37),
(1099, 'HD 13 AWG', 0.500, 73000.00, 36500.00, 37),
(1100, 'HD 18 AWG', 0.360, 74000.00, 26640.00, 37),
(1101, 'HD 15 AWG', 2.000, 73000.00, 146000.00, 37),
(1101, 'HD 19 AWG', 1.250, 74000.00, 92500.00, 37),
(1102, 'MANGUILLA F.V. 1 MM', 5.000, 2500.00, 12500.00, 38),
(1102, 'MANGUILLA F.V. 2 MM', 2.000, 3000.00, 6000.00, 37),
(1102, 'CABLE SIL. No.12', 1.000, 12000.00, 12000.00, 38),
(1102, 'MTS.CORDEL DE AMARRE', 6.000, 700.00, 4200.00, 38),
(1103, 'HD 25 AWG', 2.000, 71000.00, 142000.00, 37),
(1103, 'HD 27 AWG', 2.000, 71000.00, 142000.00, 37),
(1103, 'HD 31 AWG', 7.610, 79000.00, 601190.00, 37),
(1104, 'HD 17 AWG', 2.000, 73500.00, 147000.00, 37),
(1104, 'HD 18 AWG', 3.000, 74000.00, 222000.00, 37),
(1105, 'HD 13 AWG', 0.250, 73000.00, 18250.00, 37),
(1106, 'HD 19 AWG', 0.250, 74000.00, 18500.00, 37),
(1106, 'HD 20 AWG', 0.250, 74500.00, 18625.00, 37),
(1106, 'HD 22 AWG', 0.250, 75000.00, 18750.00, 37),
(1106, 'FIBRA DACRON 025', 0.250, 15000.00, 3750.00, 38),
(1106, 'MTS.CORDEL DE AMARRE', 5.000, 600.00, 3000.00, 38),
(1106, 'MANGUILLA CLASE B 2 MM', 1.000, 1000.00, 1000.00, 38),
(1108, 'FIBRA PRESPAN PESCAO 050', 1.000, 20000.00, 20000.00, 38),
(1109, 'HD 13 AWG', 1.250, 73000.00, 91250.00, 37),
(1109, 'HD 14 AWG', 1.250, 73000.00, 91250.00, 37),
(1110, 'HD 29 AWG', 0.380, 80500.00, 30590.00, 37),
(1110, 'HD 32 AWG', 0.380, 82000.00, 31160.00, 37),
(1111, 'HD 11 AWG', 4.260, 69000.00, 293940.00, 37),
(1112, 'HD 8 ALUMINIO', 6.000, 30000.00, 180000.00, 45),
(1112, 'HD 12 ALUMINIO', 3.000, 30000.00, 90000.00, 45),
(1113, 'HD 28 AWG', 0.500, 77000.00, 38500.00, 37),
(1113, 'HD 29 AWG', 0.500, 80500.00, 40250.00, 37),
(1114, 'HD 23 AWG', 0.500, 75000.00, 37500.00, 37),
(1115, 'HD 25 AWG', 0.500, 71000.00, 35500.00, 37),
(1116, 'HD 12 AWG', 3.500, 69000.00, 241500.00, 37),
(1117, 'HD 23 AWG', 1.000, 75000.00, 75000.00, 37),
(1118, 'HD 27 AWG', 0.130, 71000.00, 9230.00, 37),
(1118, 'HD 30 AWG', 2.000, 82500.00, 165000.00, 37),
(1119, 'HD 23 AWG', 0.130, 73000.00, 9490.00, 37),
(1120, 'HD 13 AWG', 0.500, 73000.00, 36500.00, 37),
(1121, 'HD 23 AWG', 0.250, 75000.00, 18750.00, 37),
(1107, 'HD 9 AWG', 11.970, 73000.00, 873810.00, 37),
(1094, 'HD 23 AWG', 2.100, 76500.00, 160650.00, 37),
(1122, 'HD 29 AWG', 13.420, 79800.00, 1070916.00, 37),
(1122, 'HD 32 AWG', 14.700, 81500.00, 1198050.00, 37),
(1123, 'HD 29 AWG', 0.500, 80500.00, 40250.00, 37),
(1124, 'FIBRA TERCOTT M.T.S 030', 0.500, 42000.00, 21000.00, 38),
(1124, 'HD 21 AWG', 0.130, 75000.00, 9750.00, 37),
(1125, 'HD 14 AWG', 1.000, 73000.00, 73000.00, 37),
(1125, 'HD 13 AWG', 0.500, 73000.00, 36500.00, 37),
(1125, 'HD 12 AWG', 1.500, 69000.00, 103500.00, 37),
(1126, 'HD 19 AWG', 1.000, 74000.00, 74000.00, 37),
(1126, 'HD 22 AWG', 2.000, 75000.00, 150000.00, 37),
(1127, 'HD 22 AWG', 0.750, 75000.00, 56250.00, 37),
(1127, 'HD 24 AWG', 0.250, 75000.00, 18750.00, 37),
(1128, 'HD 9 AWG', 2.000, 30000.00, 60000.00, 37),
(1129, 'HD 17 AWG', 1.000, 73500.00, 73500.00, 37),
(1129, 'HD 13 AWG', 0.950, 73000.00, 69350.00, 37),
(1129, 'HD 14 AWG', 1.000, 73000.00, 73000.00, 37),
(1130, 'HD 12 ALUMINIO', 3.000, 30000.00, 90000.00, 37),
(1131, 'HD 9 AWG', 4.020, 73000.00, 293460.00, 37),
(1132, 'HD 23 AWG', 1.500, 75000.00, 112500.00, 37),
(1133, 'HD 23 AWG', 0.750, 75000.00, 56250.00, 37),
(1133, 'HD 24 AWG', 0.500, 75000.00, 37500.00, 37),
(1134, 'BARNIZ RENANIA TRANSP 1/4', 1.000, 33000.00, 33000.00, 38),
(1135, 'HD 29 AWG', 1.500, 80500.00, 120750.00, 37),
(1135, 'HD 32 AWG', 1.300, 82000.00, 106600.00, 37),
(1136, 'FIBRA TERCOTT M.T.S 030', 0.500, 42000.00, 21000.00, 38),
(1137, 'HD 8 ALUMINIO', 7.000, 30000.00, 210000.00, 45),
(1137, 'HD 12 ALUMINIO', 2.000, 30000.00, 60000.00, 45),
(1138, 'HD 23 AWG', 0.500, 75000.00, 37500.00, 37),
(1139, 'HD 26 AWG', 0.360, 74500.00, 26820.00, 37),
(1140, 'HD 11 ALUMINIO', 1.000, 30000.00, 30000.00, 37),
(1141, 'HD 30 AWG', 3.000, 82500.00, 247500.00, 37),
(1142, 'HD 15 AWG', 1.500, 73000.00, 109500.00, 37),
(1142, 'HD 12 ALUMINIO', 1.000, 30000.00, 30000.00, 45),
(1142, 'HD 15 ALUMINIO', 4.000, 30000.00, 120000.00, 45),
(1143, 'HD 12 ALUMINIO', 1.500, 30000.00, 45000.00, 45),
(1144, 'HD 28 AWG', 3.000, 77000.00, 231000.00, 37),
(1144, 'HD 29 AWG', 1.000, 80500.00, 80500.00, 37),
(1144, 'HD 25 AWG', 0.250, 71000.00, 17750.00, 37),
(1145, 'HD 19 AWG', 0.220, 74000.00, 16280.00, 37),
(1145, 'MANGUILLA CLASE B 4 MM', 2.000, 1300.00, 2600.00, 38),
(1145, 'MANGUILLA CLASE B 1.5 MM', 2.000, 800.00, 1600.00, 38),
(1146, 'HD 29 AWG', 0.500, 80500.00, 40250.00, 37),
(1147, 'HD 22 AWG', 2.000, 75000.00, 150000.00, 37),
(1148, 'HD 29 AWG', 0.500, 80500.00, 40250.00, 37),
(1148, 'HD 30 AWG', 0.500, 82500.00, 41250.00, 37),
(1148, 'HD 32 AWG', 0.500, 82000.00, 41000.00, 37),
(1148, 'MANGUILLA CLASE B 2 MM', 5.000, 1000.00, 5000.00, 38),
(1149, 'HD 18 AWG', 0.380, 74000.00, 28120.00, 37),
(1150, 'HD 29 AWG', 10.140, 79800.00, 809172.00, 37),
(1150, 'HD 23 AWG', 2.000, 75000.00, 150000.00, 37),
(1151, 'HD 28 AWG', 5.000, 77000.00, 385000.00, 37),
(1151, 'HD 32 AWG', 5.000, 82000.00, 410000.00, 37),
(1152, 'HD 30 AWG', 0.500, 82500.00, 41250.00, 37),
(1153, 'HD 11 AWG', 3.000, 69000.00, 207000.00, 37),
(1153, 'FIBRA PLASTIF. ECONOM.020', 0.500, 8000.00, 4000.00, 38),
(1154, 'HD 19 AWG', 2.000, 74000.00, 148000.00, 37),
(1155, 'HD 23 AWG', 1.000, 75000.00, 75000.00, 37),
(1155, 'HD 26 AWG', 0.500, 74500.00, 37250.00, 37),
(1156, 'HD 12 AWG', 1.500, 69000.00, 103500.00, 37),
(1156, 'FIBRA PLASTIF.ECON.025', 1.000, 10000.00, 10000.00, 38),
(1157, 'HD 19 AWG', 2.500, 74000.00, 185000.00, 37),
(1157, 'FIBRA PLASTIF.ECONOM 025', 0.500, 10000.00, 5000.00, 38),
(1158, 'BARNIZ SAO MARCO ', 1.000, 33000.00, 33000.00, 38),
(1159, 'HD 8 ALUMINIO', 7.300, 30000.00, 219000.00, 45),
(1160, 'HD 16 AWG', 1.000, 73500.00, 73500.00, 37),
(1161, 'HD 11 AWG', 5.000, 69000.00, 345000.00, 37),
(1161, 'HD 12 AWG', 3.000, 69000.00, 207000.00, 37),
(1162, 'HD 22 AWG', 1.250, 75000.00, 93750.00, 37),
(1163, 'HD 32 AWG', 1.050, 82000.00, 86100.00, 37),
(1163, 'BARNIZ SAO MARCO 1/8', 1.000, 20000.00, 20000.00, 38),
(1164, 'HD 23 AWG', 0.500, 75000.00, 37500.00, 37),
(1164, 'HD 21 AWG', 0.750, 75000.00, 56250.00, 37),
(1166, 'HD 30 AWG', 11.250, 82500.00, 928125.00, 37),
(1167, 'HD 20 AWG', 0.250, 74500.00, 18625.00, 37),
(1165, 'BARNIZ RENANIA ROJO 1/4', 1.000, 34000.00, 34000.00, 38),
(1168, 'HD 13 AWG', 1.250, 73000.00, 91250.00, 37),
(1168, 'HD 15 AWG', 2.000, 73000.00, 146000.00, 37),
(1169, 'HD 13 AWG', 2.000, 73000.00, 146000.00, 37),
(1169, 'HD 14 AWG', 3.000, 73000.00, 219000.00, 37),
(1170, 'HD 36 AWG', 0.130, 93000.00, 12090.00, 37),
(1170, 'MANGUILLA CLASE B 4 MM', 2.000, 1300.00, 2600.00, 38),
(1170, 'MANGUILLA CLASE B 1.5 MM', 2.000, 800.00, 1600.00, 38),
(1171, 'HD 21 AWG', 0.500, 75000.00, 37500.00, 37),
(1171, 'FIBRA TERCOTT M.T.S 020', 0.500, 35000.00, 17500.00, 38),
(1171, 'FIBRA TERCOTT M.T.S 025', 0.500, 38000.00, 19000.00, 38),
(1172, 'HD 13 AWG', 1.500, 73000.00, 109500.00, 37),
(1173, 'HD 28 AWG', 11.070, 75400.00, 834678.00, 37),
(1173, 'HD 32 AWG', 14.700, 80000.00, 1176000.00, 37),
(1174, 'HD 9 AWG', 9.000, 73000.00, 657000.00, 37),
(1174, 'HD 10 AWG', 1.900, 73000.00, 138700.00, 37),
(1174, 'HD 12 AWG', 2.000, 69000.00, 138000.00, 37),
(1174, 'HD 23 AWG', 0.250, 75000.00, 18750.00, 37),
(1174, 'HD 26 AWG', 0.250, 74500.00, 18625.00, 37),
(1174, 'FIBRA PLASTIF. ECONOM.025', 0.500, 10000.00, 5000.00, 38),
(1175, 'HD 7 ALUMINIO', 4.970, 30000.00, 149100.00, 45),
(1176, 'HD 12 AWG', 1.450, 69000.00, 100050.00, 37),
(1177, 'HD 10 AWG', 2.360, 75000.00, 177000.00, 37),
(1178, 'HD 11 AWG', 2.500, 69000.00, 172500.00, 37),
(1178, 'HD 12 AWG', 1.500, 69000.00, 103500.00, 37),
(1179, 'HD 17 AWG', 0.380, 73500.00, 27930.00, 37),
(1179, 'MANGUILLA F.V. 3 MM', 1.000, 4300.00, 4300.00, 38),
(1180, 'HD 14 AWG', 5.000, 73000.00, 365000.00, 37),
(1180, 'HD 24 AWG', 5.000, 75000.00, 375000.00, 37),
(1180, 'HD 27 AWG', 5.000, 71000.00, 355000.00, 37),
(1180, 'HD 30 AWG', 2.000, 82500.00, 165000.00, 37),
(1180, 'HD 31 AWG', 2.000, 79500.00, 159000.00, 37),
(1180, 'HD 36 AWG', 1.000, 93000.00, 93000.00, 37),
(1180, 'HD 20 AWG', 5.000, 74500.00, 372500.00, 37),
(1181, 'HD 25 AWG', 0.130, 71000.00, 9230.00, 37),
(1181, 'HD 27 AWG', 0.130, 71000.00, 9230.00, 37),
(1182, 'HD 11 AWG', 1.520, 69000.00, 104880.00, 37),
(1182, 'HD 12 AWG', 2.000, 69000.00, 138000.00, 37),
(1182, 'HD 13 AWG', 0.230, 73000.00, 16790.00, 37),
(1183, 'HD 30 AWG', 3.500, 82500.00, 288750.00, 37),
(1183, 'HD 31 AWG', 2.000, 79500.00, 159000.00, 37),
(1184, 'HD 13 AWG', 1.250, 73000.00, 91250.00, 37),
(1184, 'HD 15 AWG', 2.000, 73000.00, 146000.00, 37),
(1185, 'HD 10 AWG', 1.020, 75000.00, 76500.00, 37),
(1186, 'HD 8 ALUMINIO', 0.870, 30000.00, 26100.00, 45),
(1186, 'FIBRA PRESPAN PESCADO 025', 4.000, 13000.00, 52000.00, 38),
(1187, 'HD 15 AWG', 2.000, 73000.00, 146000.00, 37),
(1187, 'HD 25 AWG', 0.250, 71000.00, 17750.00, 37),
(1187, 'FIBRA TERCOTT M.T.S 020', 0.500, 35000.00, 17500.00, 38),
(1188, 'HD 10 AWG', 2.480, 75000.00, 186000.00, 37),
(1189, 'HD 22 AWG', 1.000, 75000.00, 75000.00, 37),
(1190, 'HD 12 AWG', 2.000, 69000.00, 138000.00, 37),
(1191, 'HD 11 AWG', 10.000, 69000.00, 690000.00, 37),
(1191, 'HD 7 ALUMINIO', 2.000, 30000.00, 60000.00, 45),
(1191, 'HD 9 ALUMINIO', 3.630, 30000.00, 108900.00, 45),
(1192, 'HD 11 AWG', 2.500, 69000.00, 172500.00, 37),
(1193, 'HD 28 AWG', 4.000, 77000.00, 308000.00, 37),
(1193, 'HD 30 AWG', 2.000, 82500.00, 165000.00, 37),
(1193, 'HD 32 AWG', 3.000, 82000.00, 246000.00, 37),
(1194, 'HD 20 AWG', 0.750, 74500.00, 55875.00, 37),
(1194, 'MANGUILLA CLASE B 1 MM', 1.000, 700.00, 700.00, 38),
(1195, 'HD 15 AWG', 0.700, 73000.00, 51100.00, 37),
(1195, 'HD 16 AWG', 0.500, 73500.00, 36750.00, 37),
(1196, 'HD 23 AWG', 0.150, 75000.00, 11250.00, 37),
(1197, 'HD 20 AWG', 0.130, 74500.00, 9685.00, 37),
(1197, 'FIBRA TERCOTT M.T.S 025', 0.250, 38000.00, 9500.00, 38),
(1197, 'HD 21 AWG', 0.130, 75000.00, 9750.00, 37),
(1198, 'HD 21 AWG', 2.500, 75000.00, 187500.00, 37),
(1199, 'HD 27 AWG', 4.000, 71000.00, 284000.00, 37),
(1200, 'HD 23 AWG', 0.500, 75000.00, 37500.00, 37),
(1201, 'HD 21 AWG', 0.750, 75000.00, 56250.00, 37),
(1201, 'HD 22 AWG', 0.500, 75000.00, 37500.00, 37),
(1201, 'HD 23 AWG', 0.380, 75000.00, 28500.00, 37),
(1202, 'HD 30 AWG', 4.000, 82500.00, 330000.00, 37),
(1202, 'HD 31 AWG', 2.000, 79500.00, 159000.00, 37),
(1203, 'HD 14 AWG ', 1.500, 73000.00, 109500.00, 37),
(1204, 'HD 22 AWG', 1.500, 75000.00, 112500.00, 37),
(1205, 'HD 10 ALUMINIO', 3.000, 30000.00, 90000.00, 45),
(1205, 'HD 16 ALUMINIO', 0.250, 30000.00, 7500.00, 45),
(1205, 'FIBRA PLASTIF. ECONOM.020', 3.000, 8000.00, 24000.00, 38),
(1205, 'MANGUILLA CLASE B 4 MM', 3.000, 1300.00, 3900.00, 38),
(1205, 'MANGUILLA CLASE B 6 MM', 3.000, 2500.00, 7500.00, 38),
(1206, 'HD 9 AWG', 5.800, 73000.00, 423400.00, 37),
(1206, 'FIBRA PRESPAN PESCAO 020', 1.000, 8000.00, 8000.00, 38),
(1207, 'HD 8 ALUMINIO', 0.310, 30000.00, 9300.00, 45),
(1208, 'BARNIZ SAO MARCO 1/4', 1.000, 35000.00, 35000.00, 38),
(1209, 'HD 8 AWG', 2.500, 73000.00, 182500.00, 37),
(1211, 'HD 10 AWG', 4.470, 74500.00, 333015.00, 37),
(1212, 'HD 29 AWG', 2.000, 80400.00, 160800.00, 37),
(1212, 'HD 32 AWG', 0.500, 79900.00, 39950.00, 37),
(1212, 'FIBRA PLASTIF.ECONOM. 020', 2.000, 8000.00, 16000.00, 38),
(1212, 'MANGUILLA CLASE B 2 MM', 4.000, 1000.00, 4000.00, 38),
(1213, 'HD 10 AWG', 0.550, 74500.00, 40975.00, 37),
(1210, 'HD 23 AWG', 0.150, 75000.00, 11250.00, 37),
(1214, 'FIBRA PRESPAN PESCAO 025', 4.000, 9000.00, 36000.00, 38),
(1215, 'HD 20 AWG', 0.250, 74000.00, 18500.00, 37),
(1216, 'HD 28 AWG', 0.500, 76700.00, 38350.00, 37),
(1216, 'HD 29 AWG', 0.500, 80400.00, 40200.00, 37),
(1217, 'HD 23 AWG', 0.500, 74500.00, 37250.00, 37),
(1218, 'HD 10 AWG', 1.480, 74500.00, 110260.00, 37),
(1218, 'HD 11 AWG', 0.550, 69000.00, 37950.00, 37),
(1218, 'HD 15 AWG', 0.750, 71000.00, 53250.00, 37),
(1218, 'HD 18 AWG', 0.250, 73500.00, 18375.00, 37),
(1219, 'HD 10 AWG', 6.530, 74500.00, 486485.00, 37),
(1219, 'FIBRA PRESPAN PESCAO 030', 1.000, 11000.00, 11000.00, 38),
(1219, 'MANGUILLA CLASE B 5 MM', 2.000, 2100.00, 4200.00, 38),
(1221, 'HD 10 AWG', 1.500, 74500.00, 111750.00, 37),
(1221, 'HD 14 AWG', 3.000, 71000.00, 213000.00, 37),
(1222, 'HD 14 ALUMINIO', 0.750, 30000.00, 22500.00, 45),
(1222, 'HD 15 ALUMINIO', 0.500, 30000.00, 15000.00, 37),
(1222, 'FIBRA PRESPAN PESCAO 020', 0.500, 7000.00, 3500.00, 38),
(1223, 'HD 21 AWG', 1.000, 74500.00, 74500.00, 37),
(1223, 'HD 23 AWG', 0.630, 74500.00, 46935.00, 37),
(1224, 'HD 12 AWG', 2.000, 68000.00, 136000.00, 37),
(1224, 'HD 14 AWG', 5.000, 71000.00, 355000.00, 37),
(1224, 'HD 18 AWG', 5.000, 73500.00, 367500.00, 37),
(1224, 'HD 29 AWG', 5.000, 80400.00, 402000.00, 37),
(1224, 'HD 30 AWG', 4.140, 81700.00, 338238.00, 37),
(1224, 'HD 31 AWG', 5.000, 79500.00, 397500.00, 37),
(1225, 'HD 10 ALUMINIO', 2.000, 30000.00, 60000.00, 45),
(1225, 'HD 13 ALUMINIO', 2.000, 30000.00, 60000.00, 37),
(1226, 'HD 23 AWG', 1.000, 74500.00, 74500.00, 37),
(1227, 'HD 29 AWG', 1.500, 80400.00, 120600.00, 37),
(1227, 'HD 30 AWG', 0.160, 81700.00, 13072.00, 37),
(1227, 'HD 32 AWG', 0.500, 79900.00, 39950.00, 37),
(1228, 'HD 22 AWG', 0.130, 71000.00, 9230.00, 37),
(1229, 'HD 29 AWG', 0.500, 80400.00, 40200.00, 37),
(1229, 'HD 32 AWG', 0.500, 79900.00, 39950.00, 37),
(1230, 'BARNIZ SAO MARCO 1/4', 1.000, 35000.00, 35000.00, 38),
(1231, 'HD 23 AWG', 3.380, 74500.00, 251810.00, 37),
(1231, 'HD 26 AWG', 3.000, 73000.00, 219000.00, 37),
(1231, 'HD 31 AWG', 4.640, 79500.00, 368880.00, 37),
(1232, 'HD 10 AWG ', 0.980, 74500.00, 73010.00, 37),
(1232, 'MANGUILLA CLASE B 3 MM', 2.000, 1300.00, 2600.00, 38),
(1233, 'HD 11 ALUMINIO', 23.250, 30000.00, 697500.00, 45),
(1234, 'HD 33 AWG', 2.000, 83300.00, 166600.00, 37),
(1235, 'HD 17 AWG', 2.500, 72300.00, 180750.00, 37),
(1235, 'HD 18 AWG', 2.500, 73500.00, 183750.00, 37),
(1236, 'HD 17 AWG', 1.250, 72300.00, 90375.00, 37),
(1236, 'HD 18 AWG', 1.250, 73500.00, 91875.00, 37),
(1238, 'HD 21 AWG', 0.630, 74500.00, 46935.00, 37),
(1238, 'HD 23 AWG', 0.380, 74500.00, 28310.00, 37),
(1238, 'MANGUILLA CLASE B 1.5 MM', 1.000, 700.00, 700.00, 38),
(1239, 'MANGUILLA F.V. 3 MM', 4.000, 4300.00, 17200.00, 38),
(1239, 'MANGUILLA F.V. 8 MM', 1.000, 9500.00, 9500.00, 38),
(1239, 'MTS.CORDEL DE AMARRE', 30.000, 600.00, 18000.00, 38),
(1237, 'HD 21 AWG', 6.500, 74500.00, 484250.00, 37),
(1237, 'MANGUILLA F.V. 2 MM', 5.000, 3000.00, 15000.00, 38),
(1237, 'FIBRA TERCOTT M.T.S 030', 1.000, 42000.00, 42000.00, 38),
(1241, 'HD 22 AWG', 1.500, 71000.00, 106500.00, 37),
(1242, 'HD 31 AWG', 2.000, 79500.00, 159000.00, 37),
(1242, 'HD 33 AWG', 3.000, 83300.00, 249900.00, 37),
(1243, 'FIBRA PRESPAN PESCAO 020', 3.000, 7000.00, 21000.00, 38),
(1243, 'MANGUILLA CLASE B 5 MM', 2.000, 2100.00, 4200.00, 38),
(1243, 'MANGUILLA CLASE B 6 MM', 3.000, 2500.00, 7500.00, 38),
(1244, 'HD 20 AWG', 0.500, 74000.00, 37000.00, 37),
(1244, 'HD 23 AWG', 0.250, 74500.00, 18625.00, 37),
(1245, 'HD 29 AWG', 0.250, 80400.00, 20100.00, 37),
(1245, 'HD 32 AWG', 0.130, 79900.00, 10387.00, 37),
(1246, 'HD 23 AWG', 0.500, 74500.00, 37250.00, 37),
(1247, 'HD 18 AWG', 1.000, 73500.00, 73500.00, 37),
(1249, 'HD 33 AWG', 3.000, 83300.00, 249900.00, 37),
(1220, 'HD 22 AWG', 0.960, 71000.00, 68160.00, 37),
(1220, 'FIBRA PLASTIFICADA ECONOM.020', 0.450, 8000.00, 3600.00, 38),
(1240, 'HD 19 AWG', 1.000, 74500.00, 74500.00, 37),
(1250, 'HD 19 AWG', 1.000, 74500.00, 74500.00, 37),
(1251, 'HD 23 AWG', 1.500, 74500.00, 111750.00, 37),
(1252, 'HD 23 AWG', 0.600, 74500.00, 44700.00, 37),
(1253, 'HD 29 AWG', 1.700, 80400.00, 136680.00, 37),
(1253, 'HD 33 AWG', 1.000, 83300.00, 83300.00, 37),
(1254, 'HD 23AWG', 0.300, 74500.00, 22350.00, 37),
(1248, 'HD 10 AWG', 2.000, 74500.00, 149000.00, 37),
(1255, 'HD 26 AWG', 0.300, 73000.00, 21900.00, 37),
(1256, 'HD 20 AWG', 0.220, 74000.00, 16280.00, 37),
(1256, 'MANGUILLA CLASE B 1.5 MM', 3.000, 800.00, 2400.00, 38),
(1257, 'HD 12 AWG', 1.500, 68000.00, 102000.00, 37),
(1257, 'HD 13 AWG', 1.500, 71000.00, 106500.00, 37),
(1257, 'HD 14 AWG', 2.000, 71000.00, 142000.00, 37),
(1258, 'HD 14 AWG', 1.500, 71000.00, 106500.00, 37),
(1259, 'HD 20 AWG', 0.220, 74000.00, 16280.00, 37),
(1259, 'HD 35 AWG', 0.150, 87000.00, 13050.00, 37),
(1260, 'HD 19 AWG', 0.220, 74500.00, 16390.00, 37),
(1261, 'HD 20 AWG', 0.220, 74000.00, 16280.00, 37),
(1261, 'HD 35 AWG', 0.150, 87000.00, 13050.00, 37),
(1262, 'HD 14 AWG', 3.000, 71000.00, 213000.00, 37),
(1263, 'HD 12 AWG', 0.140, 68000.00, 9520.00, 37),
(1263, 'PLATINERA L19', 1.000, 25000.00, 25000.00, 42),
(1264, 'HD 14 AWG', 0.880, 71000.00, 62480.00, 37),
(1264, 'HD 15 AWG', 0.750, 71000.00, 53250.00, 37),
(1265, 'HD 13 AWG', 2.000, 71000.00, 142000.00, 37),
(1266, 'BARNIZ SAO MARCO 1/4', 1.000, 35000.00, 35000.00, 38),
(1267, 'HD 18 AWG', 0.400, 73500.00, 29400.00, 37),
(1268, 'HD 23 AWG', 1.000, 74500.00, 74500.00, 37),
(1269, 'HD 25 AWG', 0.600, 71000.00, 42600.00, 37),
(1270, 'HD 31 AWG', 2.000, 79500.00, 159000.00, 37),
(1270, 'HD 33 AWG', 4.050, 70000.00, 283500.00, 37),
(1271, 'HD 15 AWG', 0.440, 71000.00, 31240.00, 37),
(1271, 'HD 16 AWG', 0.440, 72300.00, 31812.00, 37),
(1272, 'HD 19 AWG', 1.250, 74500.00, 93125.00, 37),
(1273, 'HD 17 AWG', 5.700, 72300.00, 412110.00, 37),
(1273, 'HD 18 AWG', 1.900, 73500.00, 139650.00, 37),
(1273, 'MANGUILLA CLASE B 3 MM', 6.000, 1300.00, 7800.00, 38),
(1273, 'MANGUILLA CLASE B 6 MM', 1.000, 2500.00, 2500.00, 38),
(1273, 'MTS.CORDEL DE AMARRE', 20.000, 600.00, 12000.00, 38),
(1274, 'HD 11 AWG', 1.230, 69000.00, 84870.00, 37),
(1274, 'HD 12 AWG', 1.100, 68000.00, 74800.00, 37),
(1275, 'HD 21 AWG', 0.750, 70900.00, 53175.00, 37),
(1275, 'HD 23 AWG', 0.380, 74500.00, 28310.00, 37),
(1276, 'FIBRA TERCOTT M.T.S 020', 1.000, 34000.00, 34000.00, 38),
(1276, 'FIBRA TERCOTT M.T.S 030', 1.000, 41000.00, 41000.00, 38),
(1276, 'FIBRA DACRON 030', 1.000, 16000.00, 16000.00, 38),
(1276, 'FIBRA PRESPAN PESCAO 020', 1.000, 6000.00, 6000.00, 38),
(1276, 'FIBRA PRESPAN PESCAO 030', 1.000, 9000.00, 9000.00, 38),
(1276, 'MTS. CORDEL AMARRE', 50.000, 400.00, 20000.00, 38),
(1277, 'HD 17 AWG', 0.500, 72300.00, 36150.00, 37),
(1278, 'HD 13 AWG', 0.660, 71000.00, 46860.00, 37),
(1279, 'HD 32 AWG', 1.300, 79900.00, 103870.00, 37),
(1280, 'HD 17 AWG', 1.000, 72300.00, 72300.00, 37),
(1280, 'HD 18 AWG', 1.000, 73500.00, 73500.00, 37),
(1280, 'FIBRA DACRON 025', 0.500, 15000.00, 7500.00, 38),
(1280, 'MANGUILLA CLASE B 2 MM', 1.000, 1000.00, 1000.00, 38),
(1280, 'MANGUILLA CLASE B 5 MM', 1.000, 2100.00, 2100.00, 38),
(1281, 'MTS.CORDEL DE AMARRE', 3.000, 600.00, 1800.00, 38),
(1282, 'HD 12 AWG', 1.250, 68000.00, 85000.00, 37),
(1282, 'HD 13 AWG', 0.880, 71000.00, 62480.00, 37),
(1283, 'HD 15 AWG', 1.000, 71000.00, 71000.00, 37),
(1283, 'HD 21 AWG', 2.760, 70900.00, 195684.00, 37),
(1284, 'HD 13 AWG', 0.140, 71000.00, 9940.00, 37),
(1284, 'HD 23 AWG', 0.140, 74500.00, 10430.00, 37),
(1285, 'HD 14 AWG', 1.130, 68600.00, 77518.00, 37),
(1286, 'HD 17 AWG', 2.000, 72300.00, 144600.00, 37),
(1287, 'HD 7 ALUMINIO', 3.930, 30000.00, 117900.00, 45),
(1287, 'MANGUILLA CLASE B 10 MM', 3.000, 4500.00, 13500.00, 38),
(1287, 'MANGUILLA CLASE B 4 MM', 3.000, 1300.00, 3900.00, 38),
(1287, 'FIBRA PRESPAN PESCAO 020', 2.000, 7000.00, 14000.00, 38),
(1288, 'HD 25 AWG', 0.600, 71000.00, 42600.00, 37),
(1289, 'HD 29 AWG', 1.000, 75700.00, 75700.00, 37),
(1289, 'HD 32 AWG', 0.750, 79900.00, 59925.00, 37),
(1289, 'HD 33 AWG', 1.000, 83300.00, 83300.00, 37),
(1289, 'MANGUILLA CLASE B 2 MM', 5.000, 1000.00, 5000.00, 38),
(1290, 'HD 23 AWG', 0.130, 74500.00, 9685.00, 37),
(1291, 'HD 34 AWG', 0.500, 102000.00, 51000.00, 37),
(1292, 'HD 23 AWG', 0.130, 74500.00, 9685.00, 37),
(1293, 'HD 13 AWG', 1.250, 71000.00, 88750.00, 37),
(1293, 'HD 14 AWG', 1.880, 68600.00, 128968.00, 37),
(1293, 'HD 17 AWG', 0.850, 72300.00, 61455.00, 37),
(1293, 'HD 19 AWG', 0.750, 74500.00, 55875.00, 37),
(1294, 'VENTILADOR 9-12 HP ', 2.000, 13400.00, 26800.00, 42),
(1294, 'VENTILADOR DE 6.6 HP', 2.000, 7800.00, 15600.00, 42),
(1294, 'VENTILADOR DE 4.8 HP', 2.000, 7800.00, 15600.00, 42),
(1294, 'VENTILADOR 25X210 MM', 2.000, 18000.00, 36000.00, 42),
(1294, 'VENTILADOR 1 HP 15X140 MM', 2.000, 6000.00, 12000.00, 42),
(1294, 'VENTILADOR 1 HP 16X120 MM', 2.000, 6000.00, 12000.00, 42),
(1295, 'HD 14 AWG', 0.750, 68600.00, 51450.00, 37),
(1295, 'HD 15 AWG', 0.700, 71000.00, 49700.00, 37),
(1295, 'FIBRA TERMOPOX 0.25', 0.290, 79000.00, 22910.00, 38),
(1296, 'HD 23 AWG', 1.000, 74500.00, 74500.00, 37),
(1296, 'HD 24 AWG', 0.250, 75300.00, 18825.00, 37),
(1297, 'HD 25 AWG', 5.000, 71000.00, 355000.00, 37),
(1297, 'HD 27 AWG', 5.000, 68000.00, 340000.00, 37),
(1297, 'HD 32 AWG', 5.000, 79900.00, 399500.00, 37),
(1298, 'HD 18 AWG', 0.380, 73500.00, 27930.00, 37),
(1299, 'HD 10 ALUMINIO', 1.500, 30000.00, 45000.00, 45),
(1300, 'HD 18 AWG', 0.300, 73500.00, 22050.00, 37),
(1301, 'HD 28 AWG', 0.500, 74300.00, 37150.00, 37),
(1301, 'BARNIZ SAO MARCO 1/4', 1.000, 33000.00, 33000.00, 38),
(1302, 'HD 24 AWG', 1.500, 75300.00, 112950.00, 37),
(1302, 'HD 28 AWG', 1.500, 74300.00, 111450.00, 37),
(1302, 'HD 31 AWG', 0.500, 79500.00, 39750.00, 37),
(1302, 'HD 32 AWG', 1.000, 79900.00, 79900.00, 37),
(1303, 'HD 21 AWG', 1.500, 70900.00, 106350.00, 37),
(1304, 'HD 24 AWG', 0.130, 75300.00, 9789.00, 37),
(1305, 'HD 29 AWG', 0.750, 75700.00, 56775.00, 37),
(1306, 'HD 30 AWG', 51.400, 75300.00, 3870420.00, 37),
(1307, 'HD 12 AWG', 1.200, 68000.00, 81600.00, 37),
(1307, 'HD 8 ALUMINIO', 3.000, 30000.00, 90000.00, 45),
(1308, 'HD 29 AWG', 11.670, 75700.00, 883419.00, 37),
(1309, 'HD 8 ALUMINIO', 2.980, 30000.00, 89400.00, 45),
(1309, 'HD 12 AWG', 1.000, 30000.00, 30000.00, 45),
(1310, 'HD 30 AWG', 38.600, 75800.00, 2925880.00, 45),
(1311, 'MANGUILLA CLASE B 3 MM', 2.000, 1300.00, 2600.00, 38),
(1312, 'HD 29 AWG', 2.000, 75700.00, 151400.00, 37),
(1312, 'HD 33 AWG', 1.000, 83300.00, 83300.00, 37),
(1312, 'MANGUILLA CLASE B 2 MM', 5.000, 1000.00, 5000.00, 38),
(1313, 'HD 19 AWG', 0.300, 70200.00, 21060.00, 37),
(1314, 'HD 21 AWG', 2.500, 70900.00, 177250.00, 37),
(1314, 'BARNIZ SAO MARCO 1/8', 1.000, 20000.00, 20000.00, 38),
(1314, 'MTS. CORDEL DE AMARRE2 MM', 15.000, 600.00, 9000.00, 38),
(1314, 'MANGUILLA CLASE B 2 MM', 3.000, 1000.00, 3000.00, 38),
(1314, 'MANGUILLA CLASE B 4 MM', 1.000, 1300.00, 1300.00, 38),
(1314, 'MANGUILLA CLASE B 5 MM', 1.000, 2100.00, 2100.00, 38),
(1314, 'MANGUILLA CLASE B 6 MM', 1.000, 2500.00, 2500.00, 38),
(1314, 'FIBRA DACRON 030', 0.250, 16000.00, 4000.00, 38),
(1315, 'HD 11 AWG', 3.130, 69000.00, 215970.00, 37),
(1316, 'HD 19 AWG', 0.200, 70200.00, 14040.00, 37),
(1316, 'BARNIZ SAO MARCO 1/8', 1.000, 20000.00, 20000.00, 38),
(1317, 'HD 10 AWG', 1.020, 74500.00, 75990.00, 37),
(1317, 'HD 12 AWG', 0.590, 68000.00, 40120.00, 37),
(1319, 'HD 22 AWG', 0.210, 70900.00, 14889.00, 37),
(1318, 'HD 13 AWG', 1.260, 71000.00, 89460.00, 37),
(1318, 'HD 16 AWG', 1.760, 71400.00, 125664.00, 37),
(1320, 'HD 22 AWG', 1.000, 70900.00, 70900.00, 37),
(1320, 'HD 23 AWG', 1.000, 74500.00, 74500.00, 37);

-- --------------------------------------------------------

--
-- Estructura de tabla para la tabla `pagos`
--

CREATE TABLE `pagos` (
  `id_pago` int(11) NOT NULL,
  `id_venta` int(11) DEFAULT NULL,
  `fecha` datetime DEFAULT NULL,
  `monto` decimal(20,2) DEFAULT NULL,
  `tipo_pago` enum('total','abono') DEFAULT NULL,
  `estado` char(1) DEFAULT 'A'
) ENGINE=InnoDB DEFAULT CHARSET=utf8mb4 COLLATE=utf8mb4_general_ci;

--
-- Volcado de datos para la tabla `pagos`
--

INSERT INTO `pagos` (`id_pago`, `id_venta`, `fecha`, `monto`, `tipo_pago`, `estado`) VALUES
(1, 1001, '2025-02-25 22:01:49', 202000.00, 'abono', 'A'),
(2, 1007, '2025-02-25 22:04:35', 8000.00, 'abono', 'A'),
(3, 1119, '2025-03-06 20:45:03', 9490.00, 'abono', 'A'),
(4, 1120, '2025-03-06 20:45:31', 36500.00, 'abono', 'A'),
(5, 1123, '2025-03-06 20:45:58', 40250.00, 'abono', 'A'),
(6, 1124, '2025-03-06 20:48:38', 30750.00, 'abono', 'A'),
(7, 1125, '2025-03-06 20:49:07', 213000.00, 'abono', 'A'),
(8, 1021, '2025-03-06 20:51:12', 1096000.00, 'abono', 'A'),
(9, 1002, '2025-03-06 20:51:39', 596745.00, 'abono', 'A'),
(10, 1004, '2025-03-06 20:52:03', 266000.00, 'abono', 'A'),
(11, 1010, '2025-03-06 20:52:26', 740000.00, 'abono', 'A'),
(12, 1012, '2025-03-06 20:53:35', 207000.00, 'abono', 'A'),
(13, 1023, '2025-03-06 20:54:01', 74500.00, 'abono', 'A'),
(14, 1025, '2025-03-06 20:54:28', 35520.00, 'abono', 'A'),
(15, 1040, '2025-03-06 20:54:54', 908700.00, 'abono', 'A'),
(16, 1041, '2025-03-06 21:00:04', 146500.00, 'abono', 'A'),
(17, 1044, '2025-03-06 21:00:26', 180000.00, 'abono', 'A'),
(18, 1046, '2025-03-06 21:00:43', 992100.00, 'abono', 'A'),
(19, 1063, '2025-03-06 21:11:37', 387500.00, 'abono', 'A'),
(20, 1050, '2025-03-06 21:12:41', 1180062.00, 'abono', 'A'),
(21, 1052, '2025-03-06 21:13:04', 676500.00, 'abono', 'A'),
(22, 1053, '2025-03-06 21:13:32', 348000.00, 'abono', 'A'),
(23, 1063, '2025-03-06 21:13:56', 1500000.00, 'abono', 'A'),
(24, 1068, '2025-03-06 21:14:18', 238500.00, 'abono', 'A'),
(25, 1091, '2025-03-06 21:14:30', 438300.00, 'abono', 'A'),
(26, 1092, '2025-03-06 21:14:51', 13770.00, 'abono', 'A'),
(27, 1099, '2025-03-06 21:15:16', 75000.00, 'abono', 'A'),
(28, 1101, '2025-03-06 21:15:41', 238500.00, 'abono', 'A'),
(29, 1040, '2025-03-06 21:19:42', 100000.00, 'abono', 'A'),
(30, 1107, '2025-03-06 21:20:52', 873810.00, 'abono', 'A'),
(31, 1108, '2025-03-06 21:20:59', 20000.00, 'abono', 'A'),
(32, 1130, '2025-03-06 21:21:13', 90000.00, 'abono', 'A'),
(33, 1117, '2025-03-06 21:21:36', 55000.00, 'abono', 'A'),
(34, 1137, '2025-03-06 21:22:35', 270000.00, 'abono', 'A'),
(35, 1142, '2025-03-06 21:22:54', 259500.00, 'abono', 'A'),
(36, 1150, '2025-03-06 21:23:41', 959172.00, 'abono', 'A'),
(37, 1149, '2025-03-06 21:23:59', 28120.00, 'abono', 'A'),
(38, 1153, '2025-03-06 21:24:15', 211000.00, 'abono', 'A'),
(39, 1131, '2025-03-06 21:25:20', 293460.00, 'abono', 'A'),
(40, 1132, '2025-03-06 21:25:45', 112500.00, 'abono', 'A'),
(41, 1040, '2025-03-06 21:26:26', 2120050.00, 'abono', 'A'),
(42, 1078, '2025-03-06 21:30:24', 120000.00, 'abono', 'A'),
(43, 1094, '2025-03-06 21:31:02', 160650.00, 'abono', 'A'),
(44, 1076, '2025-03-06 21:31:35', 9230.00, 'abono', 'A'),
(45, 1066, '2025-03-06 21:31:55', 188750.00, 'abono', 'A'),
(46, 1065, '2025-03-06 21:32:19', 47565.00, 'abono', 'A'),
(47, 1014, '2025-03-06 21:34:02', 149000.00, 'abono', 'A'),
(48, 1024, '2025-03-06 21:34:17', 17750.00, 'abono', 'A'),
(49, 1057, '2025-03-06 21:34:43', 78500.00, 'abono', 'A'),
(50, 1029, '2025-03-06 21:34:54', 111750.00, 'abono', 'A'),
(51, 1062, '2025-03-06 21:35:05', 113250.00, 'abono', 'A'),
(52, 1064, '2025-03-06 21:35:13', 143100.00, 'abono', 'A'),
(53, 1071, '2025-03-06 21:35:26', 76000.00, 'abono', 'A'),
(54, 1085, '2025-03-06 21:35:49', 75500.00, 'abono', 'A'),
(55, 1095, '2025-03-06 21:36:12', 35500.00, 'abono', 'A'),
(56, 1115, '2025-03-06 21:36:22', 35500.00, 'abono', 'A'),
(57, 1074, '2025-03-06 21:38:33', 37250.00, 'abono', 'A'),
(58, 1079, '2025-03-06 21:38:47', 55875.00, 'abono', 'A'),
(59, 1082, '2025-03-06 21:39:59', 18875.00, 'abono', 'A'),
(60, 1112, '2025-03-06 21:40:34', 270000.00, 'abono', 'A'),
(61, 1026, '2025-03-06 21:41:10', 119500.00, 'abono', 'A'),
(62, 1039, '2025-03-06 21:42:28', 203000.00, 'abono', 'A'),
(63, 1088, '2025-03-06 21:43:07', 98250.00, 'abono', 'A'),
(64, 1058, '2025-03-06 21:45:03', 639000.00, 'abono', 'A'),
(65, 1104, '2025-03-06 21:45:18', 369000.00, 'abono', 'A'),
(66, 1060, '2025-03-06 21:45:41', 94375.00, 'abono', 'A'),
(67, 1090, '2025-03-06 21:45:53', 75000.00, 'abono', 'A'),
(68, 1011, '2025-03-06 21:54:14', 39000.00, 'abono', 'A'),
(69, 1047, '2025-03-06 21:54:36', 15100.00, 'abono', 'A'),
(70, 1054, '2025-03-06 21:55:01', 15100.00, 'abono', 'A'),
(71, 1100, '2025-03-06 21:55:14', 26640.00, 'abono', 'A'),
(72, 1019, '2025-03-06 21:55:43', 79500.00, 'abono', 'A'),
(73, 1036, '2025-03-06 21:56:34', 410000.00, 'abono', 'A'),
(74, 1059, '2025-03-06 21:56:43', 313000.00, 'abono', 'A'),
(75, 1067, '2025-03-06 21:58:12', 160500.00, 'abono', 'A'),
(76, 1077, '2025-03-06 21:58:21', 1102880.00, 'abono', 'A'),
(77, 1087, '2025-03-06 21:58:31', 231000.00, 'abono', 'A'),
(78, 1096, '2025-03-06 21:58:47', 98250.00, 'abono', 'A'),
(79, 1118, '2025-03-06 21:58:57', 174230.00, 'abono', 'A'),
(80, 1013, '2025-03-06 22:01:17', 69000.00, 'abono', 'A'),
(81, 1027, '2025-03-06 22:01:31', 162000.00, 'abono', 'A'),
(82, 1030, '2025-03-06 22:01:58', 172600.00, 'abono', 'A'),
(83, 1030, '2025-03-06 22:02:05', 112400.00, 'abono', 'A'),
(84, 1055, '2025-03-06 22:03:08', 75000.00, 'abono', 'A'),
(85, 1111, '2025-03-06 22:03:59', 293940.00, 'abono', 'A'),
(86, 1037, '2025-03-06 22:04:29', 114000.00, 'abono', 'A'),
(87, 1015, '2025-03-06 22:05:03', 34800.00, 'abono', 'A'),
(88, 1015, '2025-03-06 22:05:09', 140700.00, 'abono', 'A'),
(89, 1028, '2025-03-06 22:06:40', 18625.00, 'abono', 'A'),
(90, 1009, '2025-03-06 22:06:53', 18625.00, 'abono', 'A'),
(91, 1038, '2025-03-06 22:07:03', 18625.00, 'abono', 'A'),
(92, 1045, '2025-03-06 22:07:14', 19125.00, 'abono', 'A'),
(93, 1069, '2025-03-06 22:07:29', 19125.00, 'abono', 'A'),
(94, 1089, '2025-03-06 22:07:40', 18750.00, 'abono', 'A'),
(95, 1098, '2025-03-06 22:07:53', 18750.00, 'abono', 'A'),
(96, 1084, '2025-03-06 22:08:36', 474000.00, 'abono', 'A'),
(97, 1097, '2025-03-06 22:08:45', 619040.00, 'abono', 'A'),
(98, 1056, '2025-03-06 22:09:06', 119500.00, 'abono', 'A'),
(99, 1113, '2025-03-06 22:09:45', 78750.00, 'abono', 'A'),
(100, 1042, '2025-03-06 22:10:12', 255900.00, 'abono', 'A'),
(101, 1070, '2025-03-06 22:10:24', 245450.00, 'abono', 'A'),
(102, 1114, '2025-03-06 22:11:09', 37500.00, 'abono', 'A'),
(103, 1075, '2025-03-06 22:11:25', 57375.00, 'abono', 'A'),
(104, 1048, '2025-03-06 22:12:07', 21140.00, 'abono', 'A'),
(105, 1099, '2025-03-06 22:12:35', 134000.00, 'abono', 'A'),
(106, 1105, '2025-03-06 22:12:42', 18250.00, 'abono', 'A'),
(107, 1008, '2025-03-06 22:13:15', 51620.00, 'abono', 'A'),
(108, 1043, '2025-03-06 22:13:40', 76250.00, 'abono', 'A'),
(109, 1049, '2025-03-06 22:13:49', 19125.00, 'abono', 'A'),
(110, 1020, '2025-03-06 22:14:08', 55000.00, 'abono', 'A'),
(111, 1005, '2025-03-06 22:15:05', 3000.00, 'abono', 'A'),
(112, 1016, '2025-03-06 22:16:12', 41520.00, 'abono', 'A'),
(113, 1016, '2025-03-06 22:16:24', 369000.00, 'abono', 'A'),
(114, 1017, '2025-03-06 22:16:58', 159500.00, 'abono', 'A'),
(115, 1031, '2025-03-06 22:17:27', 439300.00, 'abono', 'A'),
(116, 1034, '2025-03-06 22:18:19', 44100.00, 'abono', 'A'),
(117, 1035, '2025-03-06 22:18:24', 36000.00, 'abono', 'A'),
(118, 1051, '2025-03-06 22:20:08', 46160.00, 'abono', 'A'),
(119, 1110, '2025-03-06 22:20:20', 61750.00, 'abono', 'A'),
(120, 1003, '2025-03-06 22:22:37', 312000.00, 'abono', 'A'),
(121, 1072, '2025-03-06 22:25:06', 58875.00, 'abono', 'A'),
(122, 1073, '2025-03-06 22:25:50', 136200.00, 'abono', 'A'),
(123, 1006, '2025-03-06 22:27:58', 1375625.00, 'abono', 'A'),
(124, 1032, '2025-03-06 22:28:25', 1383375.00, 'abono', 'A'),
(125, 1033, '2025-03-06 22:28:41', 1312000.00, 'abono', 'A'),
(126, 1061, '2025-03-06 22:30:04', 1383375.00, 'abono', 'A'),
(127, 1093, '2025-03-06 22:30:27', 1532110.00, 'abono', 'A'),
(128, 1086, '2025-03-06 22:30:32', 150000.00, 'abono', 'A'),
(129, 1103, '2025-03-06 22:30:54', 843800.00, 'abono', 'A'),
(130, 1103, '2025-03-06 22:31:01', 41390.00, 'abono', 'A'),
(131, 1040, '2025-03-06 22:32:05', 1000000.00, 'abono', 'A'),
(132, 1022, '2025-03-06 22:33:49', 22200.00, 'abono', 'A'),
(133, 1083, '2025-03-06 22:34:06', 169625.00, 'abono', 'A'),
(134, 1102, '2025-03-06 22:34:15', 34700.00, 'abono', 'A'),
(135, 1133, '2025-03-06 22:35:29', 93750.00, 'abono', 'A'),
(136, 1134, '2025-03-06 22:35:46', 33000.00, 'abono', 'A'),
(137, 1135, '2025-03-06 22:36:01', 227350.00, 'abono', 'A'),
(138, 1136, '2025-03-06 22:36:21', 21000.00, 'abono', 'A'),
(139, 1138, '2025-03-06 22:36:40', 37500.00, 'abono', 'A'),
(140, 1139, '2025-03-06 22:36:57', 26820.00, 'abono', 'A'),
(141, 1140, '2025-03-06 22:37:12', 30000.00, 'abono', 'A'),
(142, 1141, '2025-03-06 22:37:28', 247500.00, 'abono', 'A'),
(143, 1144, '2025-03-06 22:38:01', 329250.00, 'abono', 'A'),
(144, 1143, '2025-03-06 22:38:12', 45000.00, 'abono', 'A'),
(145, 1145, '2025-03-06 22:38:25', 20480.00, 'abono', 'A'),
(146, 1146, '2025-03-06 22:38:58', 40250.00, 'abono', 'A'),
(147, 1147, '2025-03-06 22:39:16', 150000.00, 'abono', 'A'),
(148, 1148, '2025-03-06 22:39:33', 127500.00, 'abono', 'A'),
(149, 1151, '2025-03-06 22:39:52', 266000.00, 'abono', 'A'),
(150, 1126, '2025-03-06 22:40:23', 224000.00, 'abono', 'A'),
(151, 1127, '2025-03-06 22:40:38', 75000.00, 'abono', 'A'),
(152, 1128, '2025-03-06 22:40:51', 60000.00, 'abono', 'A'),
(153, 1129, '2025-03-06 22:41:07', 215850.00, 'abono', 'A'),
(154, 1152, '2025-03-06 22:41:45', 41250.00, 'abono', 'A'),
(155, 1155, '2025-03-06 22:42:09', 45800.00, 'abono', 'A'),
(156, 1155, '2025-03-06 22:42:18', 66450.00, 'abono', 'A'),
(157, 1156, '2025-03-06 22:42:39', 113500.00, 'abono', 'A'),
(158, 1158, '2025-03-06 22:42:59', 33000.00, 'abono', 'A'),
(159, 1160, '2025-03-06 22:43:05', 73500.00, 'abono', 'A'),
(160, 1159, '2025-03-06 22:43:18', 219000.00, 'abono', 'A'),
(161, 1161, '2025-03-06 22:43:41', 396300.00, 'abono', 'A'),
(162, 1161, '2025-03-06 22:43:47', 155700.00, 'abono', 'A'),
(163, 1162, '2025-03-06 22:44:08', 93750.00, 'abono', 'A'),
(164, 1163, '2025-03-06 22:44:23', 106100.00, 'abono', 'A'),
(165, 1164, '2025-03-06 22:44:37', 93750.00, 'abono', 'A'),
(166, 1165, '2025-03-06 22:44:50', 34000.00, 'abono', 'A'),
(167, 1166, '2025-03-06 22:45:07', 628200.00, 'abono', 'A'),
(168, 1167, '2025-03-06 22:45:42', 18625.00, 'abono', 'A'),
(169, 1170, '2025-03-06 22:45:56', 16290.00, 'abono', 'A'),
(170, 1109, '2025-03-06 22:46:49', 182500.00, 'abono', 'A'),
(171, 1168, '2025-03-06 22:46:55', 237250.00, 'abono', 'A'),
(172, 1171, '2025-03-06 22:47:12', 74000.00, 'abono', 'A'),
(173, 1175, '2025-03-06 22:47:31', 149100.00, 'abono', 'A'),
(174, 1176, '2025-03-07 15:23:16', 100050.00, 'abono', 'A'),
(175, 1178, '2025-03-10 17:05:35', 276000.00, 'abono', 'A'),
(176, 1179, '2025-03-10 17:06:32', 32230.00, 'abono', 'A'),
(177, 1181, '2025-03-10 17:06:49', 18460.00, 'abono', 'A'),
(178, 1182, '2025-03-10 17:07:10', 259670.00, 'abono', 'A'),
(179, 1185, '2025-03-10 17:20:53', 76500.00, 'abono', 'A'),
(180, 1192, '2025-03-10 17:21:13', 172500.00, 'abono', 'A'),
(181, 1193, '2025-03-10 17:24:48', 500000.00, 'abono', 'A'),
(182, 1195, '2025-03-10 17:25:03', 87850.00, 'abono', 'A'),
(183, 1196, '2025-03-10 17:25:22', 11250.00, 'abono', 'A'),
(184, 1197, '2025-03-10 17:25:36', 28935.00, 'abono', 'A'),
(185, 1200, '2025-03-10 17:25:53', 37500.00, 'abono', 'A'),
(186, 1201, '2025-03-10 17:32:33', 122250.00, 'abono', 'A'),
(187, 1202, '2025-03-10 17:33:38', 489000.00, 'abono', 'A'),
(188, 1204, '2025-03-10 17:33:53', 112500.00, 'abono', 'A'),
(189, 1205, '2025-03-10 17:34:15', 132900.00, 'abono', 'A'),
(190, 1206, '2025-03-10 17:34:30', 431400.00, 'abono', 'A'),
(191, 1207, '2025-03-10 17:34:42', 9300.00, 'abono', 'A'),
(192, 1210, '2025-03-10 17:35:01', 11250.00, 'abono', 'A'),
(193, 1211, '2025-03-10 17:35:21', 333015.00, 'abono', 'A'),
(194, 1212, '2025-03-10 17:35:36', 220750.00, 'abono', 'A'),
(195, 1213, '2025-03-10 17:35:52', 40975.00, 'abono', 'A'),
(196, 1214, '2025-03-10 17:36:07', 36000.00, 'abono', 'A'),
(197, 1216, '2025-03-10 17:36:20', 78550.00, 'abono', 'A'),
(198, 1217, '2025-03-10 17:36:39', 37250.00, 'abono', 'A'),
(199, 1117, '2025-03-10 17:37:07', 20000.00, 'abono', 'A'),
(200, 1151, '2025-03-10 17:37:19', 529000.00, 'abono', 'A'),
(201, 1040, '2025-03-10 17:37:43', 398400.00, 'abono', 'A'),
(202, 1053, '2025-03-10 17:39:31', 36000.00, 'abono', 'A'),
(203, 1052, '2025-03-10 17:39:47', 3000.00, 'abono', 'A'),
(204, 1219, '2025-03-10 17:40:05', 501685.00, 'abono', 'A'),
(205, 1229, '2025-03-10 17:40:23', 65100.00, 'abono', 'A'),
(206, 1220, '2025-03-10 17:40:37', 71760.00, 'abono', 'A'),
(207, 1222, '2025-03-10 17:40:49', 41000.00, 'abono', 'A'),
(208, 1223, '2025-03-10 17:41:02', 121435.00, 'abono', 'A'),
(209, 1226, '2025-03-10 17:41:17', 74500.00, 'abono', 'A'),
(210, 1227, '2025-03-10 17:41:30', 173622.00, 'abono', 'A'),
(211, 1225, '2025-03-10 17:41:46', 120000.00, 'abono', 'A'),
(212, 1180, '2025-03-10 17:42:03', 1884500.00, 'abono', 'A'),
(213, 1177, '2025-03-10 17:42:22', 177000.00, 'abono', 'A'),
(214, 1228, '2025-03-10 17:42:39', 9230.00, 'abono', 'A'),
(215, 1229, '2025-03-10 17:42:54', 15050.00, 'abono', 'A'),
(216, 1230, '2025-03-10 17:43:17', 35000.00, 'abono', 'A'),
(217, 1232, '2025-03-10 17:43:33', 75610.00, 'abono', 'A'),
(218, 1234, '2025-03-10 17:43:44', 166600.00, 'abono', 'A'),
(219, 1235, '2025-03-10 17:43:54', 364500.00, 'abono', 'A'),
(220, 1236, '2025-03-10 17:44:13', 182250.00, 'abono', 'A'),
(221, 1238, '2025-03-10 17:44:30', 75945.00, 'abono', 'A'),
(222, 1239, '2025-03-10 18:17:58', 44700.00, 'abono', 'A'),
(223, 1240, '2025-03-10 18:18:13', 74500.00, 'abono', 'A'),
(224, 1241, '2025-03-10 18:18:29', 106500.00, 'abono', 'A'),
(225, 1242, '2025-03-10 18:18:42', 408900.00, 'abono', 'A'),
(226, 1243, '2025-03-10 18:18:58', 32700.00, 'abono', 'A'),
(227, 1080, '2025-03-10 18:19:25', 397100.00, 'abono', 'A'),
(228, 1081, '2025-03-10 18:19:37', 228000.00, 'abono', 'A'),
(229, 1244, '2025-03-10 18:19:53', 55625.00, 'abono', 'A'),
(230, 1245, '2025-03-10 18:20:05', 30487.00, 'abono', 'A'),
(231, 1246, '2025-03-10 18:20:25', 37250.00, 'abono', 'A'),
(232, 1247, '2025-03-10 18:21:13', 73500.00, 'abono', 'A'),
(233, 1248, '2025-03-10 18:21:29', 149000.00, 'abono', 'A'),
(234, 1249, '2025-03-10 18:22:13', 249900.00, 'abono', 'A'),
(235, 1250, '2025-03-10 18:22:25', 74500.00, 'abono', 'A'),
(236, 1251, '2025-03-10 18:22:38', 111750.00, 'abono', 'A'),
(237, 1193, '2025-03-10 18:23:02', 219000.00, 'abono', 'A'),
(238, 1254, '2025-03-10 18:23:22', 22350.00, 'abono', 'A'),
(239, 1255, '2025-03-10 18:23:29', 21900.00, 'abono', 'A'),
(240, 1256, '2025-03-10 18:24:13', 18680.00, 'abono', 'A'),
(241, 1260, '2025-03-10 18:24:35', 16390.00, 'abono', 'A'),
(242, 1157, '2025-03-10 22:03:45', 190000.00, 'abono', 'A'),
(243, 1166, '2025-03-10 22:04:00', 299925.00, 'abono', 'A'),
(244, 1169, '2025-03-10 22:04:18', 365000.00, 'abono', 'A'),
(245, 1172, '2025-03-10 22:04:32', 109500.00, 'abono', 'A'),
(246, 1174, '2025-03-10 22:04:50', 976075.00, 'abono', 'A'),
(247, 1040, '2025-03-10 22:05:09', 1061500.00, 'abono', 'A'),
(248, 1040, '2025-03-10 22:05:16', 1000000.00, 'abono', 'A'),
(249, 1040, '2025-03-10 22:05:26', 32230.00, 'abono', 'A'),
(250, 1040, '2025-03-10 22:05:33', 4200.00, 'abono', 'A'),
(251, 1040, '2025-03-10 22:05:42', 219515.00, 'abono', 'A'),
(252, 1224, '2025-03-10 22:06:07', 1800000.00, 'abono', 'A'),
(253, 1224, '2025-03-10 22:06:19', 196238.00, 'abono', 'A'),
(254, 1233, '2025-03-10 22:08:22', 697500.00, 'abono', 'A'),
(255, 1208, '2025-03-10 22:09:40', 35000.00, 'abono', 'A'),
(256, 1187, '2025-03-10 22:09:54', 181250.00, 'abono', 'A'),
(257, 1186, '2025-03-10 22:10:12', 78100.00, 'abono', 'A');

-- --------------------------------------------------------

--
-- Estructura de tabla para la tabla `productos`
--

CREATE TABLE `productos` (
  `id_producto` int(11) NOT NULL,
  `nombre` varchar(100) DEFAULT NULL,
  `precio_compra` decimal(9,2) DEFAULT NULL,
  `precio_venta` decimal(9,2) DEFAULT NULL,
  `stock` int(10) DEFAULT NULL,
  `id_proveedor` int(11) DEFAULT NULL,
  `estado` varchar(10) DEFAULT NULL,
  `id_categoria` int(11) DEFAULT NULL
) ENGINE=InnoDB DEFAULT CHARSET=utf8 COLLATE=utf8_general_ci;

-- --------------------------------------------------------

--
-- Estructura de tabla para la tabla `proveedores`
--

CREATE TABLE `proveedores` (
  `id_proveedor` int(11) NOT NULL,
  `nombre` varchar(50) DEFAULT NULL,
  `direccion` varchar(50) DEFAULT NULL,
  `telefono` varchar(9) DEFAULT NULL,
  `email` varchar(50) DEFAULT NULL,
  `estado` varchar(10) DEFAULT NULL
) ENGINE=InnoDB DEFAULT CHARSET=utf8 COLLATE=utf8_general_ci;

-- --------------------------------------------------------

--
-- Estructura de tabla para la tabla `usuarios`
--

CREATE TABLE `usuarios` (
  `id_usuario` int(11) NOT NULL,
  `usuario` varchar(50) DEFAULT NULL,
  `clave` varchar(50) DEFAULT NULL,
  `tipo` varchar(20) DEFAULT NULL,
  `estado` varchar(1) DEFAULT NULL
) ENGINE=InnoDB DEFAULT CHARSET=utf8 COLLATE=utf8_spanish_ci;

--
-- Volcado de datos para la tabla `usuarios`
--

INSERT INTO `usuarios` (`id_usuario`, `usuario`, `clave`, `tipo`, `estado`) VALUES
(1, 'admin', 'bda9ce676b3a41464c53a6ddc5f6c4807cfd9403', 'admin', '1'),
(2, 'FACTURA', '125234ff990b7ec323f25c2a3853e1d8128d8cb5', 'admin', '1'),
(4, 'CONTABILIDAD', 'f92a00e10658a54546bd446ab0f329a05d87ad33', 'admin', '1');

-- --------------------------------------------------------

--
-- Estructura de tabla para la tabla `ventas`
--

CREATE TABLE `ventas` (
  `id_venta` int(11) NOT NULL,
  `fecha` datetime DEFAULT NULL,
  `cliente` varchar(100) DEFAULT NULL,
  `estado` varchar(20) DEFAULT NULL,
  `total` decimal(20,2) DEFAULT NULL,
  `tipo` varchar(50) DEFAULT NULL,
  `id_cliente` varchar(15) DEFAULT NULL,
  `credito_pendiente` decimal(20,2) DEFAULT 0.00,
  `estado_credito` enum('pendiente','pagado') DEFAULT 'pendiente'
) ENGINE=InnoDB DEFAULT CHARSET=utf8 COLLATE=utf8_general_ci;

--
-- Volcado de datos para la tabla `ventas`
--

INSERT INTO `ventas` (`id_venta`, `fecha`, `cliente`, `estado`, `total`, `tipo`, `id_cliente`, `credito_pendiente`, `estado_credito`) VALUES
(3, '2025-02-04 11:31:09', 'GUIDO SALGADO', 'I', 312000.00, 'efectivo', '72143170', 0.00, 'pagado'),
(4, '2025-02-04 11:31:54', 'ALFREDO ORTEGA', 'I', 266000.00, 'efectivo', '72297793', 0.00, 'pagado'),
(5, '2025-02-04 11:32:25', 'RIEGO Y MAQUINARIA LTDA.', 'I', 3000.00, 'efectivo', '900113846-4', 0.00, 'pagado'),
(6, '2025-02-04 11:32:58', 'JOSE FONTALVO MOZO', 'I', 1375625.00, 'efectivo', '8728402', 0.00, 'pagado'),
(7, '2025-02-04 11:33:33', 'ARTURO RANGEL', 'I', 8000.00, 'efectivo', '8685994', 0.00, 'pagado'),
(8, '2025-02-04 11:34:49', 'CARLOS PACHECO', 'I', 46620.00, 'efectivo', '8690489', 0.00, 'pagado'),
(9, '2025-02-04 11:36:42', 'JOSE MENDOZA', 'I', 18625.00, 'efectivo', '1140824293', 0.00, 'pagado'),
(1001, '2025-01-03 15:52:04', 'CARLOS GONGORA', 'A', 202000.00, 'credito', '8722488', 0.00, 'pagado'),
(1002, '2025-01-04 15:52:47', 'MILTON CHARRIS', 'A', 596745.00, 'credito', '8787980', 0.00, 'pagado'),
(1003, '2025-01-04 15:53:19', 'GUIDO SALGADO', 'A', 312000.00, 'credito', '72143170', 0.00, 'pagado'),
(1004, '2025-01-04 15:53:53', 'ALFREDO ORTEGA', 'A', 266000.00, 'credito', '72297793', 0.00, 'pagado'),
(1005, '2025-01-04 15:54:28', 'RIEGO Y MAQUINARIA LTDA.', 'A', 3000.00, 'credito', '900113846-4', 0.00, 'pagado'),
(1006, '2025-01-04 15:55:05', 'JOSE FONTALVO MOZO', 'A', 1375625.00, 'credito', '8728402', 0.00, 'pagado'),
(1007, '2025-01-07 15:55:47', 'ARTURO RANGEL', 'A', 8000.00, 'credito', '8685994', 0.00, 'pagado'),
(1008, '2025-01-07 15:56:44', 'CARLOS PACHECO', 'A', 51620.00, 'credito', '8690489', 0.00, 'pagado'),
(1009, '2025-01-07 15:57:12', 'JOSE MENDOZA', 'A', 18625.00, 'credito', '1140824293', 0.00, 'pagado'),
(1010, '2025-01-07 15:57:57', 'STEVENSON SMITH', 'A', 740000.00, 'credito', '72213949', 0.00, 'pagado'),
(1011, '2025-01-07 16:09:17', 'FRANLIN MORENO SOÑEE', 'A', 39000.00, 'credito', '72286130', 0.00, 'pagado'),
(1012, '2025-01-07 16:10:17', 'JUAN NARANJO', 'A', 207000.00, 'credito', '1045695195', 0.00, 'pagado'),
(1013, '2025-01-07 16:10:47', 'DANNY GILL', 'A', 69000.00, 'credito', '72335468', 0.00, 'pagado'),
(1014, '2025-01-07 16:11:19', 'ALMACEN EL EMBOBINADOR', 'A', 149000.00, 'credito', '890109864-6', 0.00, 'pagado'),
(1015, '2025-01-08 16:13:41', 'RUBEN RANGEL', 'A', 175500.00, 'credito', '8719226', 0.00, 'pagado'),
(1016, '2025-01-08 16:15:53', 'JORGE ORDOÑEZ', 'A', 410520.00, 'credito', '72338191', 0.00, 'pagado'),
(1017, '2025-01-08 16:17:44', 'EDWIN GARCIA', 'A', 159500.00, 'credito', '72018425', 0.00, 'pagado'),
(1018, '2025-01-08 16:18:22', 'GUIDO SALGADO', 'I', 78500.00, 'credito', '72143170', 0.00, 'pendiente'),
(1019, '2025-01-08 16:19:18', 'GUIDO SALGADO', 'A', 79500.00, 'credito', '72143170', 0.00, 'pagado'),
(1020, '2025-01-08 16:25:16', 'OSIRYS ESTHER GUZMAN', 'A', 55000.00, 'credito', '64546003', 0.00, 'pagado'),
(1021, '2025-01-08 16:29:36', 'RONALD RODRIGUEZ', 'A', 1096000.00, 'credito', '72288579', 0.00, 'pagado'),
(1022, '2025-01-09 16:32:18', 'JORGE LUIS FERRER', 'A', 22200.00, 'credito', '72189393', 0.00, 'pagado'),
(1023, '2025-01-09 16:32:49', 'JOSE MENDOZA', 'A', 74500.00, 'credito', '1140824293', 0.00, 'pagado'),
(1024, '2025-01-09 16:33:18', 'ALMACEN EL EMBOBINADOR', 'A', 17750.00, 'credito', '890109864-6', 0.00, 'pagado'),
(1025, '2025-01-09 16:34:06', 'FRANLIN MORENO SOÑEE', 'A', 35520.00, 'credito', '72286130', 0.00, 'pagado'),
(1026, '2025-01-09 16:35:04', 'CARLOS GONGORA', 'A', 119500.00, 'credito', '8722488', 0.00, 'pagado'),
(1027, '2025-01-09 16:35:30', 'DANNY GILL', 'A', 162000.00, 'credito', '72335468', 0.00, 'pagado'),
(1028, '2025-01-09 16:35:55', 'JOSE MENDOZA', 'A', 18625.00, 'credito', '1140824293', 0.00, 'pagado'),
(1029, '2025-01-09 16:37:59', 'ALMACEN EL EMBOBINADOR', 'A', 111750.00, 'credito', '890109864-6', 0.00, 'pagado'),
(1030, '2025-01-13 16:40:34', 'DANNY GILL', 'A', 285000.00, 'credito', '72335468', 0.00, 'pagado'),
(1031, '2025-01-13 16:42:35', 'EDWIN GARCIA', 'A', 439300.00, 'credito', '72018425', 0.00, 'pagado'),
(1032, '2025-01-13 16:43:01', 'JOSE FONTALVO MOZO', 'A', 1383375.00, 'credito', '8728402', 0.00, 'pagado'),
(1033, '2025-01-13 16:43:42', 'JOSE FONTALVO MOZO', 'A', 1312000.00, 'credito', '8728402', 0.00, 'pagado'),
(1034, '2025-01-13 16:44:15', 'ARIZON MENDONZA', 'A', 44100.00, 'credito', '852765', 0.00, 'pagado'),
(1035, '2025-01-13 16:46:11', 'ARIZON MENDONZA', 'A', 36000.00, 'credito', '852765', 0.00, 'pagado'),
(1036, '2025-01-13 16:46:34', 'GUIDO SALGADO', 'A', 410000.00, 'credito', '72143170', 0.00, 'pagado'),
(1037, '2025-01-13 16:47:06', 'RUBEN RANGEL', 'A', 114000.00, 'credito', '8719226', 0.00, 'pagado'),
(1038, '2025-01-13 16:47:37', 'JOSE MENDOZA', 'A', 18625.00, 'credito', '1140824293', 0.00, 'pagado'),
(1039, '2025-01-13 16:48:37', 'CARLOS GONGORA', 'A', 203000.00, 'credito', '8722488', 0.00, 'pagado'),
(1040, '2025-01-14 16:50:46', 'JOSE FONTALVO MOZO', 'A', 6844595.00, 'credito', '8728402', 0.00, 'pagado'),
(1041, '2025-01-14 16:55:52', 'CESAR BARRIOS', 'A', 146500.00, 'credito', '9113190', 0.00, 'pagado'),
(1042, '2025-01-14 16:57:54', 'LUIS ESTRADA', 'A', 255900.00, 'credito', '8648557', 0.00, 'pagado'),
(1043, '2025-01-14 16:58:56', 'CARLOS PACHECO', 'A', 76250.00, 'credito', '8690489', 0.00, 'pagado'),
(1044, '2025-01-14 16:59:36', 'DANNY GILL', 'A', 180000.00, 'credito', '72335468', 0.00, 'pagado'),
(1045, '2025-01-14 17:00:03', 'JOSE MENDOZA', 'A', 19125.00, 'credito', '1140824293', 0.00, 'pagado'),
(1046, '2025-01-14 17:02:20', 'JUAN NARANJO', 'A', 992100.00, 'credito', '1045695195', 0.00, 'pagado'),
(1047, '2025-01-15 17:02:46', 'FRANLIN MORENO SOÑEE', 'A', 15100.00, 'credito', '72286130', 0.00, 'pagado'),
(1048, '2025-01-15 08:17:43', 'LEWIS DIAZ', 'A', 21140.00, 'credito', '73432402', 0.00, 'pagado'),
(1049, '2025-01-15 08:23:12', 'CARLOS PACHECO', 'A', 19125.00, 'credito', '8690489', 0.00, 'pagado'),
(1050, '2025-01-15 08:25:37', 'RUBEN RANGEL', 'A', 1180062.00, 'credito', '8719226', 0.00, 'pagado'),
(1051, '2025-01-15 08:26:33', 'JAVIER BOTELLO', 'A', 46160.00, 'credito', '17972037', 0.00, 'pagado'),
(1052, '2025-01-16 08:27:05', 'STEVENSON SMITH', 'A', 679500.00, 'credito', '72213949', 0.00, 'pagado'),
(1053, '2025-01-16 08:28:06', 'DANNY GILL', 'A', 384000.00, 'credito', '72335468', 0.00, 'pagado'),
(1054, '2025-01-16 08:28:39', 'FRANLIN MORENO SOÑEE', 'A', 15100.00, 'credito', '72286130', 0.00, 'pagado'),
(1055, '2025-01-16 08:29:11', 'DANNY GILL', 'A', 75000.00, 'credito', '72335468', 0.00, 'pagado'),
(1056, '2025-01-16 08:31:45', 'RAFAEL ACOSTA', 'A', 119500.00, 'credito', '8760590', 0.00, 'pagado'),
(1057, '2025-01-16 08:32:20', 'ALMACEN EL EMBOBINADOR', 'A', 78500.00, 'credito', '890109864-6', 0.00, 'pagado'),
(1058, '2025-01-16 08:50:09', 'HERNAN SANCHEZ', 'A', 639000.00, 'credito', '7468953', 0.00, 'pagado'),
(1059, '2025-01-16 08:51:02', 'GUIDO SALGADO', 'A', 313000.00, 'credito', '72143170', 0.00, 'pagado'),
(1060, '2025-01-17 08:52:56', 'FREDDY TORRES', 'A', 94375.00, 'credito', '8669044', 0.00, 'pagado'),
(1061, '2025-01-17 08:54:53', 'JOSE FONTALVO MOZO', 'A', 1383375.00, 'credito', '8728402', 0.00, 'pagado'),
(1062, '2025-01-17 08:55:21', 'ALMACEN EL EMBOBINADOR', 'A', 113250.00, 'credito', '890109864-6', 0.00, 'pagado'),
(1063, '2025-01-17 08:56:45', 'RUBEN RANGEL', 'A', 1887500.00, 'credito', '8719226', 0.00, 'pagado'),
(1064, '2025-01-17 08:57:35', 'ALMACEN EL EMBOBINADOR', 'A', 143100.00, 'credito', '890109864-6', 0.00, 'pagado'),
(1065, '2025-01-17 08:59:08', 'LUISA REAL MENDOZA', 'A', 47565.00, 'credito', '40988437', 0.00, 'pagado'),
(1066, '2025-01-18 09:00:24', 'JHON PEREIRA', 'A', 188750.00, 'credito', '72279556', 0.00, 'pagado'),
(1067, '2025-01-18 09:01:16', 'GUIDO SALGADO', 'A', 160500.00, 'credito', '72143170', 0.00, 'pagado'),
(1068, '2025-01-18 09:01:59', 'DANNY GILL', 'A', 238500.00, 'credito', '72335468', 0.00, 'pagado'),
(1069, '2025-01-18 09:02:31', 'JOSE MENDOZA', 'A', 19125.00, 'credito', '1140824293', 0.00, 'pagado'),
(1070, '2025-01-18 09:04:01', 'LUIS ESTRADA', 'A', 245450.00, 'credito', '8648557', 0.00, 'pagado'),
(1071, '2025-01-18 09:04:31', 'ALMACEN EL EMBOBINADOR', 'A', 76000.00, 'credito', '890109864-6', 0.00, 'pagado'),
(1072, '2025-01-18 09:13:01', 'CARLOS GONGORA', 'A', 58875.00, 'credito', '8722488', 0.00, 'pagado'),
(1073, '2025-01-20 09:14:12', 'CARLOS GONGORA', 'A', 136200.00, 'credito', '8722488', 0.00, 'pagado'),
(1074, '2025-01-21 09:14:42', 'MILTON CHARRIS', 'A', 37250.00, 'credito', '8787980', 0.00, 'pagado'),
(1075, '2025-01-21 09:15:17', 'ALCIDES RODRIGUEZ', 'A', 57375.00, 'credito', '7432170', 0.00, 'pagado'),
(1076, '2025-01-21 09:16:36', 'RUBEN DARIO SOTO', 'A', 9230.00, 'credito', '8802319', 0.00, 'pagado'),
(1077, '2025-01-21 09:17:07', 'GUIDO SALGADO', 'A', 1102880.00, 'credito', '72143170', 0.00, 'pagado'),
(1078, '2025-01-21 09:18:50', 'JESUS FLOREZ', 'A', 120000.00, 'credito', '72174364', 0.00, 'pagado'),
(1079, '2025-01-22 09:19:20', 'ALMACEN EL EMBOBINADOR', 'A', 55875.00, 'credito', '890109864-6', 0.00, 'pagado'),
(1080, '2025-01-22 09:22:18', 'ORLANDO BARRIOS', 'A', 397100.00, 'credito', '8750427', 0.00, 'pagado'),
(1081, '2025-01-22 09:22:53', 'ORLANDO BARRIOS', 'A', 228000.00, 'credito', '8750427', 0.00, 'pagado'),
(1082, '2025-01-22 09:24:58', 'ELEUTERIO PINEDO', 'A', 18875.00, 'credito', '8665609', 0.00, 'pagado'),
(1083, '2025-01-22 09:26:25', 'JORGE LUIS FERRER', 'A', 169625.00, 'credito', '72189393', 0.00, 'pagado'),
(1084, '2025-01-22 09:30:03', 'MELISSA SALCEDO', 'A', 474000.00, 'credito', '1143145869', 0.00, 'pagado'),
(1085, '2025-01-22 09:30:34', 'ALMACEN EL EMBOBINADOR', 'A', 75500.00, 'credito', '890109864-6', 0.00, 'pagado'),
(1086, '2025-01-22 09:31:22', 'JOSE FONTALVO MOZO', 'A', 150000.00, 'credito', '8728402', 0.00, 'pagado'),
(1087, '2025-01-22 09:31:56', 'GUIDO SALGADO', 'A', 231000.00, 'credito', '72143170', 0.00, 'pagado'),
(1088, '2025-01-22 00:00:00', 'CARLOS GONGORA', 'A', 98250.00, 'credito', '8722488', 0.00, 'pagado'),
(1089, '2025-01-22 00:00:00', 'JOSE MENDOZA', 'A', 18750.00, 'credito', '1140824293', 0.00, 'pagado'),
(1090, '2025-01-22 00:00:00', 'FREDDY TORRES', 'A', 75000.00, 'credito', '8669044', 0.00, 'pagado'),
(1091, '2025-01-22 00:00:00', 'DANNY GILL', 'A', 438300.00, 'credito', '72335468', 0.00, 'pagado'),
(1092, '2025-01-23 00:00:00', 'JORGE LUIS FERRER', 'A', 13770.00, 'credito', '72189393', 0.00, 'pagado'),
(1093, '2025-01-23 00:00:00', 'JOSE FONTALVO MOZO', 'A', 1532110.00, 'credito', '8728402', 0.00, 'pagado'),
(1094, '2025-01-24 00:00:00', 'ROMULO GUTIERREZ PADILLA', 'A', 160650.00, 'credito', '1045670584', 0.00, 'pagado'),
(1095, '2025-01-24 00:00:00', 'ALMACEN EL EMBOBINADOR', 'A', 35500.00, 'credito', '890109864-6', 0.00, 'pagado'),
(1096, '2025-01-24 00:00:00', 'GUIDO SALGADO', 'A', 98250.00, 'credito', '72143170', 0.00, 'pagado'),
(1097, '2025-01-24 00:00:00', 'MELISSA SALCEDO', 'A', 619040.00, 'credito', '1143145869', 0.00, 'pagado'),
(1098, '2025-01-24 00:00:00', 'JOSE MENDOZA', 'A', 18750.00, 'credito', '1140824293', 0.00, 'pagado'),
(1099, '2025-01-24 00:00:00', 'EINER RUIZ', 'A', 209000.00, 'credito', '1005550864', 0.00, 'pagado'),
(1100, '2025-01-24 00:00:00', 'FRANLIN MORENO SOÑEE', 'A', 26640.00, 'credito', '72286130', 0.00, 'pagado'),
(1101, '2025-01-24 00:00:00', 'MILTON CHARRIS', 'A', 238500.00, 'credito', '8787980', 0.00, 'pagado'),
(1102, '2025-01-25 00:00:00', 'JORGE LUIS FERRER', 'A', 34700.00, 'credito', '72189393', 0.00, 'pagado'),
(1103, '2025-01-25 00:00:00', 'JOSE FONTALVO MOZO', 'A', 885190.00, 'credito', '8728402', 0.00, 'pagado'),
(1104, '2025-01-25 00:00:00', 'HERNAN SANCHEZ', 'A', 369000.00, 'credito', '7468953', 0.00, 'pagado'),
(1105, '2025-01-25 00:00:00', 'EINER RUIZ', 'A', 18250.00, 'credito', '1005550864', 0.00, 'pagado'),
(1106, '2025-01-27 00:00:00', 'WILSON MARTINEZ', 'A', 63625.00, 'credito', '8676264', 0.00, 'pendiente'),
(1107, '2025-01-24 00:00:00', 'RUBEN MEJIA PEREZ', 'A', 873810.00, 'credito', '8722403', 0.00, 'pagado'),
(1108, '2025-01-27 00:00:00', 'RUBEN MEJIA PEREZ', 'A', 20000.00, 'credito', '8722403', 0.00, 'pagado'),
(1109, '2025-01-27 00:00:00', 'ARIZON MENDONZA', 'A', 182500.00, 'credito', '852765', 0.00, 'pagado'),
(1110, '2025-01-27 00:00:00', 'JAVIER BOTELLO', 'A', 61750.00, 'credito', '17972037', 0.00, 'pagado'),
(1111, '2025-01-27 00:00:00', 'DANNY GILL', 'A', 293940.00, 'credito', '72335468', 0.00, 'pagado'),
(1112, '0001-01-27 00:00:00', 'JUAN NARANJO', 'A', 270000.00, 'credito', '1045695195', 0.00, 'pagado'),
(1113, '2025-01-27 00:00:00', 'HECTOR MARTINEZ', 'A', 78750.00, 'credito', '72180447', 0.00, 'pagado'),
(1114, '2025-01-27 00:00:00', 'ALCIDES RODRIGUEZ', 'A', 37500.00, 'credito', '7432170', 0.00, 'pagado'),
(1115, '2025-01-27 00:00:00', 'ALMACEN EL EMBOBINADOR', 'A', 35500.00, 'credito', '890109864-6', 0.00, 'pagado'),
(1116, '2025-01-27 00:00:00', 'YURGEN BENITEZ', 'A', 241500.00, 'credito', '1143233330', 0.00, 'pendiente'),
(1117, '2025-01-28 00:00:00', 'ALMACEN EL EMBOBINADOR', 'A', 75000.00, 'credito', '890109864-6', 0.00, 'pagado'),
(1118, '2025-01-28 00:00:00', 'GUIDO SALGADO', 'A', 174230.00, 'credito', '72143170', 0.00, 'pagado'),
(1119, '2025-01-29 00:00:00', 'JOSE MENDOZA', 'A', 9490.00, 'credito', '1140824293', 0.00, 'pagado'),
(1120, '2025-01-29 00:00:00', 'EDWIN GARCIA', 'A', 36500.00, 'credito', '72018425', 0.00, 'pagado'),
(1121, '2025-01-30 00:00:00', 'JOSE MENDOZA', 'A', 18750.00, 'credito', '1140824293', 0.00, 'pendiente'),
(1122, '2025-01-30 00:00:00', 'JOSE FONTALVO MOZO', 'A', 2268966.00, 'credito', '8728402', 0.00, 'pendiente'),
(1123, '2025-01-30 00:00:00', 'HECTOR MARTINEZ', 'A', 40250.00, 'credito', '72180447', 0.00, 'pagado'),
(1124, '2025-01-30 00:00:00', 'JORDY JIMENEZ', 'A', 30750.00, 'credito', '1143502324', 0.00, 'pagado'),
(1125, '2025-01-30 00:00:00', 'DANNY GILL', 'A', 213000.00, 'credito', '72335468', 0.00, 'pagado'),
(1126, '2025-01-31 00:00:00', 'ALMACEN EL EMBOBINADOR', 'A', 224000.00, 'credito', '890109864-6', 0.00, 'pagado'),
(1127, '2025-01-31 00:00:00', 'JORGE LUIS FERRER', 'A', 75000.00, 'credito', '72189393', 0.00, 'pagado'),
(1128, '2025-01-31 00:00:00', 'EDISON GAMERO', 'A', 60000.00, 'credito', '72242160', 0.00, 'pagado'),
(1129, '2025-01-31 00:00:00', 'DANNY GILL', 'A', 215850.00, 'credito', '72335468', 0.00, 'pagado'),
(1130, '2025-01-31 00:00:00', 'JUAN NARANJO', 'A', 90000.00, 'credito', '1045695195', 0.00, 'pagado'),
(1131, '2025-01-31 00:00:00', 'IVAN JEREZ', 'A', 293460.00, 'credito', '1142359862', 0.00, 'pagado'),
(1132, '2025-02-01 00:00:00', 'ALMACEN EL EMBOBINADOR', 'A', 112500.00, 'credito', '890109864-6', 0.00, 'pagado'),
(1133, '2025-02-01 00:00:00', 'JORGE LUIS FERRER', 'A', 93750.00, 'credito', '72189393', 0.00, 'pagado'),
(1134, '2025-02-01 00:00:00', 'ALCIDES RODRIGUEZ', 'A', 33000.00, 'credito', '7432170', 0.00, 'pagado'),
(1135, '2025-02-01 00:00:00', 'LUIS ESTRADA', 'A', 227350.00, 'credito', '8648557', 0.00, 'pagado'),
(1136, '2025-02-01 00:00:00', 'JORDY JIMENEZ', 'A', 21000.00, 'credito', '1143502324', 0.00, 'pagado'),
(1137, '2025-02-01 00:00:00', 'JUAN NARANJO', 'A', 270000.00, 'credito', '1045695195', 0.00, 'pagado'),
(1138, '2025-02-01 00:00:00', 'JOSE MENDOZA', 'A', 37500.00, 'credito', '1140824293', 0.00, 'pagado'),
(1139, '2025-02-03 00:00:00', 'JAVIER PALMA', 'A', 26820.00, 'credito', '8135692', 0.00, 'pagado'),
(1140, '2025-02-03 00:00:00', 'KEVIN GUIO', 'A', 30000.00, 'credito', '1141345952', 0.00, 'pagado'),
(1141, '2025-02-03 00:00:00', 'GUIDO SALGADO', 'A', 247500.00, 'credito', '72143170', 0.00, 'pagado'),
(1142, '2025-02-03 00:00:00', 'DANNY GILL', 'A', 259500.00, 'credito', '72335468', 0.00, 'pagado'),
(1143, '2025-02-03 00:00:00', 'KEVIN GUIO', 'A', 45000.00, 'credito', '1141345952', 0.00, 'pagado'),
(1144, '2025-02-03 00:00:00', 'GUIDO SALGADO', 'A', 329250.00, 'credito', '72143170', 0.00, 'pagado'),
(1145, '2025-02-03 00:00:00', 'FRANLIN MORENO SOÑEE', 'A', 20480.00, 'credito', '72286130', 0.00, 'pagado'),
(1146, '2025-02-04 00:00:00', 'HECTOR MARTINEZ', 'A', 40250.00, 'credito', '72180447', 0.00, 'pagado'),
(1147, '2025-02-05 00:00:00', 'ALMACEN EL EMBOBINADOR', 'A', 150000.00, 'credito', '890109864-6', 0.00, 'pagado'),
(1148, '2025-02-05 00:00:00', 'CARLOS GONGORA', 'A', 127500.00, 'credito', '8722488', 0.00, 'pagado'),
(1149, '2025-02-05 00:00:00', 'ELEUTERIO PINEDO', 'A', 28120.00, 'credito', '8665609', 0.00, 'pagado'),
(1150, '2025-02-05 00:00:00', 'JOSE FONTALVO MOZO', 'A', 959172.00, 'credito', '8728402', 0.00, 'pagado'),
(1151, '2025-02-05 00:00:00', 'ANEYDER YERENA', 'A', 795000.00, 'credito', '8523694', 0.00, 'pagado'),
(1152, '2025-02-05 00:00:00', 'HECTOR MARTINEZ', 'A', 41250.00, 'credito', '72180447', 0.00, 'pagado'),
(1153, '2025-02-05 00:00:00', 'RUBEN MEJIA PEREZ', 'A', 211000.00, 'credito', '8722403', 0.00, 'pagado'),
(1154, '2025-02-06 00:00:00', 'JORGE LUIS FERRER', 'A', 148000.00, 'transferencia', '72189393', 0.00, 'pagado'),
(1155, '2025-02-06 00:00:00', 'CARLOS CACERES', 'A', 112250.00, 'credito', '79411415', 0.00, 'pagado'),
(1156, '2025-02-06 00:00:00', 'KEVIN GUIO', 'A', 113500.00, 'credito', '1045679266', 0.00, 'pagado'),
(1157, '2025-02-07 00:00:00', 'MILTON CHARRIS', 'A', 190000.00, 'credito', '8787980', 0.00, 'pagado'),
(1158, '2025-02-07 00:00:00', 'ALMACEN EL EMBOBINADOR', 'A', 33000.00, 'credito', '890109864-6', 0.00, 'pagado'),
(1159, '2025-02-07 00:00:00', 'DANNY GILL', 'A', 219000.00, 'credito', '72335468', 0.00, 'pagado'),
(1160, '2025-02-07 00:00:00', 'ALMACEN EL EMBOBINADOR', 'A', 73500.00, 'credito', '890109864-6', 0.00, 'pagado'),
(1161, '2025-02-08 00:00:00', 'EDINSON GUARDIOLA', 'A', 552000.00, 'credito', '8755926', 0.00, 'pagado'),
(1162, '2025-02-08 00:00:00', 'ALMACEN EL EMBOBINADOR', 'A', 93750.00, 'credito', '890109864-6', 0.00, 'pagado'),
(1163, '2025-02-10 00:00:00', 'CESAR BARRIOS', 'A', 106100.00, 'credito', '9113190', 0.00, 'pagado'),
(1164, '2025-02-10 00:00:00', 'RAFAEL ACOSTA', 'A', 93750.00, 'credito', '8760590', 0.00, 'pagado'),
(1165, '2025-02-10 00:00:00', 'ALMACEN EL EMBOBINADOR', 'A', 34000.00, 'credito', '890109864-6', 0.00, 'pagado'),
(1166, '2025-02-10 00:00:00', 'JOSE FONTALVO MOZO', 'A', 928125.00, 'credito', '8728402', 0.00, 'pagado'),
(1167, '2025-02-10 00:00:00', 'JORGE LUIS FERRER', 'A', 18625.00, 'credito', '72189393', 0.00, 'pagado'),
(1168, '2025-02-11 00:00:00', 'ARIZON MENDONZA', 'A', 237250.00, 'credito', '852765', 0.00, 'pagado'),
(1169, '2025-02-11 00:00:00', 'DANNY GILL', 'A', 365000.00, 'credito', '72335468', 0.00, 'pagado'),
(1170, '2025-02-11 00:00:00', 'FRANLIN MORENO SOÑEE', 'A', 16290.00, 'credito', '72286130', 0.00, 'pagado'),
(1171, '2025-02-12 00:00:00', 'VINCE MARTINEZ', 'A', 74000.00, 'credito', '1143433635', 0.00, 'pagado'),
(1172, '2025-02-12 00:00:00', 'RUBEN MEJIA PEREZ', 'A', 109500.00, 'credito', '8722403', 0.00, 'pagado'),
(1173, '2025-02-12 00:00:00', 'EFRAIN ALBERTO MUÑOZ M.', 'A', 2010678.00, 'credito', '1143439664', 0.00, 'pendiente'),
(1174, '2025-02-12 00:00:00', 'JULIO HERNANDEZ', 'A', 976075.00, 'credito', '8510101', 0.00, 'pagado'),
(1175, '2025-02-13 00:00:00', 'DANNY GILL', 'A', 149100.00, 'credito', '72335468', 0.00, 'pagado'),
(1176, '2025-02-13 00:00:00', 'EINER RUIZ', 'A', 100050.00, 'credito', '1005550864', 0.00, 'pagado'),
(1177, '2025-02-13 00:00:00', 'RUBEN RANGEL', 'A', 177000.00, 'credito', '8719226', 0.00, 'pagado'),
(1178, '2025-02-13 00:00:00', 'AQUILES ALVAREZ ALVAREZ', 'A', 276000.00, 'credito', '73270697', 0.00, 'pagado'),
(1179, '2025-02-13 00:00:00', 'ELEUTERIO PINEDO', 'A', 32230.00, 'credito', '8665609', 0.00, 'pagado'),
(1180, '2025-02-13 00:00:00', 'RUBEN RANGEL', 'A', 1884500.00, 'credito', '8719226', 0.00, 'pagado'),
(1181, '2025-02-13 00:00:00', 'ROQUE ESCOBAR', 'A', 18460.00, 'credito', '8532156', 0.00, 'pagado'),
(1182, '2025-02-14 00:00:00', 'DANNY GILL', 'A', 259670.00, 'credito', '72335468', 0.00, 'pagado'),
(1183, '2025-02-14 00:00:00', 'GUIDO SALGADO', 'A', 447750.00, 'transferencia', '72143170', 0.00, 'pagado'),
(1184, '2025-02-14 00:00:00', 'ARIZON MENDONZA', 'A', 237250.00, 'transferencia', '852765', 0.00, 'pagado'),
(1185, '2025-02-14 00:00:00', 'RUBEN RANGEL', 'A', 76500.00, 'credito', '8719226', 0.00, 'pagado'),
(1186, '2025-02-14 00:00:00', 'RUBEN MEJIA PEREZ', 'A', 78100.00, 'credito', '8722403', 0.00, 'pagado'),
(1187, '2025-02-14 00:00:00', 'MILTON CHARRIS', 'A', 181250.00, 'credito', '8787980', 0.00, 'pagado'),
(1188, '2025-02-15 00:00:00', 'AQUILES ALVAREZ ALVAREZ', 'A', 186000.00, 'credito', '73270697', 0.00, 'pendiente'),
(1189, '2025-02-15 00:00:00', 'ALMACEN EL EMBOBINADOR', 'A', 75000.00, 'credito', '890109864-6', 0.00, 'pendiente'),
(1190, '2025-02-15 00:00:00', 'JULIO HERNANDEZ', 'A', 138000.00, 'credito', '8510101', 0.00, 'pendiente'),
(1191, '2025-02-17 00:00:00', 'DANNY GILL', 'A', 858900.00, 'credito', '72335468', 0.00, 'pendiente'),
(1192, '2025-02-17 00:00:00', 'JULIO HERNANDEZ', 'A', 172500.00, 'credito', '8510101', 0.00, 'pagado'),
(1193, '2025-02-17 00:00:00', 'ANEYDER YERENA', 'A', 719000.00, 'credito', '8523694', 0.00, 'pagado'),
(1194, '2025-02-18 00:00:00', 'JORGE LUIS FERRER', 'A', 56575.00, 'transferencia', '72189393', 0.00, 'pagado'),
(1195, '2025-02-18 00:00:00', 'JUAN CARLOS OCHOA', 'A', 87850.00, 'credito', '72170458', 0.00, 'pagado'),
(1196, '2025-02-18 00:00:00', 'JOSE MENDOZA', 'A', 11250.00, 'credito', '1140824293', 0.00, 'pagado'),
(1197, '2025-02-18 00:00:00', 'LEWIS DIAZ', 'A', 28935.00, 'credito', '73432402', 0.00, 'pagado'),
(1198, '2025-02-18 00:00:00', 'MILTON CHARRIS', 'A', 187500.00, 'credito', '8787980', 0.00, 'pendiente'),
(1199, '2025-02-19 00:00:00', 'ANEYDER YERENA', 'A', 284000.00, 'credito', '8523694', 0.00, 'pendiente'),
(1200, '2025-02-19 00:00:00', 'JOSE MENDOZA', 'A', 37500.00, 'credito', '1140824293', 0.00, 'pagado'),
(1201, '2025-02-19 00:00:00', 'FREDDY TORRES', 'A', 122250.00, 'credito', '8669044', 0.00, 'pagado'),
(1202, '2025-02-19 00:00:00', 'GUIDO SALGADO', 'A', 489000.00, 'credito', '72143170', 0.00, 'pagado'),
(1203, '2025-02-19 00:00:00', 'DANNY GILL', 'A', 109500.00, 'credito', '72335468', 0.00, 'pendiente'),
(1204, '2025-02-19 00:00:00', 'ALMACEN EL EMBOBINADOR', 'A', 112500.00, 'credito', '890109864-6', 0.00, 'pagado'),
(1205, '2025-02-20 00:00:00', 'ORLANDO BARRIOS', 'A', 132900.00, 'credito', '8750427', 0.00, 'pagado'),
(1206, '2025-02-20 00:00:00', 'NAYITH RUIZ', 'A', 431400.00, 'credito', '8641989', 0.00, 'pagado'),
(1207, '2025-02-20 00:00:00', 'ELEUTERIO PINEDO', 'A', 9300.00, 'credito', '8665609', 0.00, 'pagado'),
(1208, '2025-02-20 00:00:00', 'EDWIN RODOLFO ALTAMAR HURTADO', 'A', 35000.00, 'credito', '72227512', 0.00, 'pagado'),
(1209, '2025-02-20 00:00:00', 'ALFREDO ORTEGA', 'A', 182500.00, 'credito', '72297793', 0.00, 'pendiente'),
(1210, '2025-02-21 00:00:00', 'JOSE MENDOZA', 'A', 11250.00, 'credito', '1140824293', 0.00, 'pagado'),
(1211, '2025-02-21 00:00:00', 'DANNY GILL', 'A', 333015.00, 'credito', '72335468', 0.00, 'pagado'),
(1212, '2025-02-21 00:00:00', 'CARLOS GONGORA', 'A', 220750.00, 'credito', '8722488', 0.00, 'pagado'),
(1213, '2025-02-22 00:00:00', 'DANNY GILL', 'A', 40975.00, 'credito', '72335468', 0.00, 'pagado'),
(1214, '2025-02-22 00:00:00', 'RUBEN MEJIA PEREZ', 'A', 36000.00, 'credito', '8722403', 0.00, 'pagado'),
(1215, '2025-02-24 00:00:00', 'FRANLIN MORENO SOÑEE', 'A', 18500.00, 'credito', '72286130', 0.00, 'pendiente'),
(1216, '2025-02-24 00:00:00', 'HECTOR MARTINEZ', 'A', 78550.00, 'credito', '72180447', 0.00, 'pagado'),
(1217, '2025-02-24 00:00:00', 'JOSE MENDOZA', 'A', 37250.00, 'credito', '1140824293', 0.00, 'pagado'),
(1218, '2025-02-24 00:00:00', 'JULIO HERNANDEZ', 'A', 219835.00, 'credito', '8510101', 0.00, 'pendiente'),
(1219, '2025-02-25 00:00:00', 'EDINSON GUARDIOLA', 'A', 501685.00, 'credito', '8755926', 0.00, 'pagado'),
(1220, '2025-02-28 00:00:00', 'MELISSA SALCEDO', 'A', 71760.00, 'credito', '1143145869', 0.00, 'pagado'),
(1221, '2025-02-25 00:00:00', 'DANNY GILL', 'A', 324750.00, 'credito', '72335468', 0.00, 'pendiente'),
(1222, '2025-02-25 00:00:00', 'JAIR PRIETO', 'A', 41000.00, 'credito', '8770770', 0.00, 'pagado'),
(1223, '2025-02-25 00:00:00', 'FREDDY TORRES', 'A', 121435.00, 'credito', '8669044', 0.00, 'pagado'),
(1224, '2025-02-25 00:00:00', 'RUBEN RANGEL', 'A', 1996238.00, 'credito', '8719226', 0.00, 'pagado'),
(1225, '2025-02-25 00:00:00', 'JUAN NARANJO', 'A', 120000.00, 'credito', '1045695195', 0.00, 'pagado'),
(1226, '2025-02-25 00:00:00', 'ALMACEN EL EMBOBINADOR', 'A', 74500.00, 'credito', '890109864-6', 0.00, 'pagado'),
(1227, '2025-02-25 00:00:00', 'CARLOS GONGORA', 'A', 173622.00, 'credito', '8722488', 0.00, 'pagado'),
(1228, '2025-02-26 00:00:00', 'MELISSA SALCEDO', 'A', 9230.00, 'credito', '1143145869', 0.00, 'pagado'),
(1229, '2025-02-26 00:00:00', 'RAFAEL ACOSTA', 'A', 80150.00, 'credito', '8760590', 0.00, 'pagado'),
(1230, '2025-02-26 00:00:00', 'JORGE LUIS FERRER', 'A', 35000.00, 'credito', '72189393', 0.00, 'pagado'),
(1231, '2025-02-26 00:00:00', 'JOSE FONTALVO MOZO', 'A', 839690.00, 'credito', '8728402', 0.00, 'pendiente'),
(1232, '2025-02-26 00:00:00', 'EDINSON MORA', 'A', 75610.00, 'credito', '8782380', 0.00, 'pagado'),
(1233, '2025-02-26 00:00:00', 'JUAN NARANJO', 'A', 697500.00, 'credito', '1045695195', 0.00, 'pagado'),
(1234, '2025-02-26 00:00:00', 'CARLOS GONGORA', 'A', 166600.00, 'credito', '8722488', 0.00, 'pagado'),
(1235, '2025-02-26 00:00:00', 'JORGE LUIS FERRER', 'A', 364500.00, 'credito', '72189393', 0.00, 'pagado'),
(1236, '2025-02-27 00:00:00', 'VINCE MARTINEZ', 'A', 182250.00, 'credito', '1143433635', 0.00, 'pagado'),
(1237, '2025-02-27 00:00:00', 'HERNAN SANCHEZ', 'A', 541250.00, 'credito', '7468953', 0.00, 'pendiente'),
(1238, '2025-02-27 00:00:00', 'FREDDY TORRES', 'A', 75945.00, 'credito', '8669044', 0.00, 'pagado'),
(1239, '2025-02-27 00:00:00', 'JORGE LUIS FERRER', 'A', 44700.00, 'credito', '72189393', 0.00, 'pagado'),
(1240, '2025-02-28 00:00:00', 'JORGE LUIS FERRER', 'A', 74500.00, 'credito', '72189393', 0.00, 'pagado'),
(1241, '2025-02-27 00:00:00', 'ALMACEN EL EMBOBINADOR', 'A', 106500.00, 'credito', '890109864-6', 0.00, 'pagado'),
(1242, '2025-02-27 00:00:00', 'GUIDO SALGADO', 'A', 408900.00, 'credito', '72143170', 0.00, 'pagado'),
(1243, '2025-02-27 00:00:00', 'ORLANDO BARRIOS', 'A', 32700.00, 'credito', '8750427', 0.00, 'pagado'),
(1244, '2025-02-28 00:00:00', 'RAFAEL ACOSTA', 'A', 55625.00, 'credito', '8760590', 0.00, 'pagado'),
(1245, '2025-02-28 00:00:00', 'JAVIER BOTELLO', 'A', 30487.00, 'credito', '17972037', 0.00, 'pagado'),
(1246, '2025-02-28 00:00:00', 'JOSE MENDOZA', 'A', 37250.00, 'credito', '1140824293', 0.00, 'pagado'),
(1247, '2025-02-28 00:00:00', 'JORGE LUIS FERRER', 'A', 73500.00, 'credito', '72189393', 0.00, 'pagado'),
(1248, '2025-02-28 00:00:00', 'AQUILES ALVAREZ ALVAREZ', 'A', 149000.00, 'credito', '73270697', 0.00, 'pagado'),
(1249, '2025-02-28 00:00:00', 'GUIDO SALGADO', 'A', 249900.00, 'credito', '72143170', 0.00, 'pagado'),
(1250, '2025-03-05 00:00:00', 'RAFAEL VARGAS', 'A', 74500.00, 'credito', '9110666', 0.00, 'pagado'),
(1251, '2025-03-05 00:00:00', 'JULIO CCESAR SANCHEZ', 'A', 111750.00, 'credito', '12611002', 0.00, 'pagado'),
(1252, '2025-03-05 00:00:00', 'JOSE MENDOZA', 'A', 44700.00, 'credito', '1140824293', 0.00, 'pendiente'),
(1253, '2025-03-05 00:00:00', 'ANEYDER YERENA', 'A', 219980.00, 'credito', '8523694', 0.00, 'pendiente'),
(1254, '2025-03-05 00:00:00', 'JOSE MENDOZA', 'A', 22350.00, 'credito', '1140824293', 0.00, 'pagado'),
(1255, '2025-03-05 00:00:00', 'JOSE MENDOZA', 'A', 21900.00, 'credito', '1140824293', 0.00, 'pagado'),
(1256, '2025-03-05 00:00:00', 'FRANLIN MORENO SOÑEE', 'A', 18680.00, 'credito', '72286130', 0.00, 'pagado'),
(1257, '2025-03-06 00:00:00', 'RUBEN RANGEL', 'A', 350500.00, 'credito', '8719226', 0.00, 'pendiente'),
(1258, '2025-03-06 00:00:00', 'DANNY GILL', 'A', 106500.00, 'credito', '72335468', 0.00, 'pendiente'),
(1259, '2025-03-06 00:00:00', 'FRANLIN MORENO SOÑEE', 'A', 29330.00, 'credito', '72286130', 0.00, 'pendiente'),
(1260, '2025-03-06 00:00:00', 'FRANLIN MORENO SOÑEE', 'A', 16390.00, 'credito', '72286130', 0.00, 'pagado'),
(1261, '2025-03-06 00:00:00', 'FRANLIN MORENO SOÑEE', 'A', 29330.00, 'credito', '72286130', 0.00, 'pendiente'),
(1262, '2025-03-07 00:00:00', 'DANNY GILL', 'A', 213000.00, 'credito', '72335468', 0.00, 'pendiente'),
(1263, '2025-03-07 00:00:00', 'ALMACEN EL EMBOBINADOR', 'A', 34520.00, 'credito', '890109864-6', 0.00, 'pendiente'),
(1264, '2025-03-08 00:00:00', 'DIOGENES ARRIETA', 'A', 115730.00, 'credito', '72204558', 0.00, 'pendiente'),
(1265, '2025-03-08 00:00:00', 'RUBEN RANGEL', 'A', 142000.00, 'credito', '8719226', 0.00, 'pendiente'),
(1266, '2025-03-08 00:00:00', 'JORGE LUIS FERRER', 'A', 35000.00, 'credito', '72189393', 0.00, 'pendiente'),
(1267, '2025-03-10 00:00:00', 'FRANLIN MORENO SOÑEE', 'A', 29400.00, 'credito', '72286130', 0.00, 'pendiente'),
(1268, '2025-03-10 00:00:00', 'ALMACEN EL EMBOBINADOR', 'A', 74500.00, 'credito', '890109864-6', 0.00, 'pendiente'),
(1269, '2025-03-10 00:00:00', 'LUIS ESTRADA', 'A', 42600.00, 'credito', '8648557', 0.00, 'pendiente'),
(1270, '2025-03-10 00:00:00', 'GUIDO SALGADO', 'A', 442500.00, 'credito', '72143170', 0.00, 'pendiente'),
(1271, '2025-03-10 00:00:00', 'LUIS RICARDO QUINTERO', 'A', 63052.00, 'credito', '8715796', 0.00, 'pendiente'),
(1272, '2025-03-10 00:00:00', 'ALMACEN EL EMBOBINADOR', 'A', 93125.00, 'credito', '890109864-6', 0.00, 'pendiente'),
(1273, '2025-03-10 00:00:00', 'JORGE LUIS FERRER', 'A', 574060.00, 'credito', '72189393', 0.00, 'pendiente'),
(1274, '2025-03-11 00:00:00', 'LEONARDO DIAZ', 'A', 159670.00, 'efectivo', '72163741', 0.00, 'pagado'),
(1275, '2025-03-11 00:00:00', 'FREDDY TORRES', 'A', 81485.00, 'credito', '8669044', 0.00, 'pendiente'),
(1276, '2025-03-11 00:00:00', 'ALMACEN DE REFRIGERACCION LA 29', 'A', 126000.00, 'credito', '39491430-1', 0.00, 'pendiente'),
(1277, '2025-03-11 00:00:00', 'JORGE LUIS FERRER', 'A', 36150.00, 'credito', '72189393', 0.00, 'pendiente'),
(1278, '2025-03-11 00:00:00', 'EDWIN RODOLFO ALTAMAR HURTADO', 'A', 46860.00, 'credito', '72227512', 0.00, 'pendiente'),
(1279, '2025-03-11 00:00:00', 'LUIS ESTRADA', 'A', 103870.00, 'credito', '8648557', 0.00, 'pendiente'),
(1280, '2025-03-11 00:00:00', 'GABRIEL SOTO', 'A', 156400.00, 'credito', '802319', 0.00, 'pendiente'),
(1281, '2025-03-11 00:00:00', 'GABRIEL SOTO', 'A', 1800.00, 'credito', '802319', 0.00, 'pendiente'),
(1282, '2025-03-12 00:00:00', 'MELISSA SALCEDO', 'A', 147480.00, 'credito', '1143145869', 0.00, 'pendiente'),
(1283, '2025-03-12 00:00:00', 'MILTON CHARRIS', 'A', 266684.00, 'credito', '8787980', 0.00, 'pendiente'),
(1284, '2025-03-12 00:00:00', 'JORGE LUIS FERRER', 'A', 20370.00, 'credito', '72189393', 0.00, 'pendiente'),
(1285, '2025-03-12 00:00:00', 'ARIZON MENDONZA', 'A', 77518.00, 'credito', '852765', 0.00, 'pendiente'),
(1286, '2025-03-12 00:00:00', 'RUBEN RANGEL', 'A', 144600.00, 'credito', '8719226', 0.00, 'pendiente'),
(1287, '2025-03-12 00:00:00', 'ORLANDO BARRIOS', 'A', 149300.00, 'credito', '8750427', 0.00, 'pendiente'),
(1288, '2025-03-12 00:00:00', 'LUIS ESTRADA', 'A', 42600.00, 'credito', '8648557', 0.00, 'pendiente'),
(1289, '2025-03-12 00:00:00', 'CARLOS GONGORA', 'A', 223925.00, 'credito', '8722488', 0.00, 'pendiente'),
(1290, '2025-03-13 00:00:00', 'JOSE MENDOZA', 'A', 9685.00, 'credito', '1140824293', 0.00, 'pendiente'),
(1291, '2025-03-13 00:00:00', 'HECTOR ORELLANO', 'A', 51000.00, 'credito', '8690348', 0.00, 'pendiente'),
(1292, '2025-03-13 00:00:00', 'JOSE MENDOZA', 'A', 9685.00, 'credito', '1140824293', 0.00, 'pendiente'),
(1293, '2025-03-13 00:00:00', 'RUBEN RANGEL', 'A', 335048.00, 'credito', '8719226', 0.00, 'pendiente'),
(1294, '2025-03-13 00:00:00', 'OSIRYS ESTHER GUZMAN', 'A', 118000.00, 'credito', '64546003-9', 0.00, 'pendiente'),
(1295, '2025-03-14 00:00:00', 'ARIEL COMAS', 'A', 124060.00, 'credito', '72262626', 0.00, 'pendiente'),
(1296, '2025-03-14 00:00:00', 'JOSE MENDOZA', 'A', 93325.00, 'credito', '1140824293', 0.00, 'pendiente'),
(1297, '2025-03-14 00:00:00', 'RUBEN RANGEL', 'A', 1094500.00, 'credito', '8719226', 0.00, 'pendiente'),
(1298, '2025-03-14 00:00:00', 'ELEUTERIO PINEDO', 'A', 27930.00, 'credito', '8665609', 0.00, 'pendiente'),
(1299, '2025-03-14 00:00:00', 'DANNY GILL', 'A', 45000.00, 'credito', '72335468', 0.00, 'pendiente'),
(1300, '2025-03-14 00:00:00', 'FRANLIN MORENO SOÑEE', 'A', 22050.00, 'credito', '72286130', 0.00, 'pendiente'),
(1301, '2025-03-15 00:00:00', 'ALMACEN EL EMBOBINADOR', 'A', 70150.00, 'credito', '890109864-6', 0.00, 'pendiente'),
(1302, '2025-03-15 00:00:00', 'LUIS ESTRADA', 'A', 344050.00, 'credito', '8648557', 0.00, 'pendiente'),
(1303, '2025-03-15 00:00:00', 'JOSE FONTALVO MOZO', 'A', 106350.00, 'credito', '8728402', 0.00, 'pendiente'),
(1304, '2025-03-15 00:00:00', 'JOSE MENDOZA', 'A', 9789.00, 'credito', '1140824293', 0.00, 'pendiente'),
(1305, '2025-03-15 00:00:00', 'LUIS ESTRADA', 'A', 56775.00, 'credito', '8648557', 0.00, 'pendiente'),
(1306, '2025-03-15 00:00:00', 'EFRAIN ALBERTO MUÑOZ M.', 'A', 3870420.00, 'credito', '1143439664', 0.00, 'pendiente'),
(1307, '2025-03-15 00:00:00', 'DANNY GILL', 'A', 171600.00, 'credito', '72335468', 0.00, 'pendiente'),
(1308, '2025-03-17 00:00:00', 'JOSE FONTALVO MOZO', 'A', 883419.00, 'credito', '8728402', 0.00, 'pendiente'),
(1309, '2025-03-17 00:00:00', 'DANNY GILL', 'A', 119400.00, 'credito', '72335468', 0.00, 'pendiente'),
(1310, '2025-03-17 00:00:00', 'EFRAIN ALBERTO MUÑOZ M.', 'A', 2925880.00, 'credito', '1143439664', 0.00, 'pendiente'),
(1311, '2025-03-17 00:00:00', 'NELSON VANEGAS', 'A', 2600.00, 'credito', '7483096', 0.00, 'pendiente'),
(1312, '2025-03-18 00:00:00', 'CARLOS GONGORA', 'A', 239700.00, 'credito', '8722488', 0.00, 'pendiente'),
(1313, '2025-03-18 00:00:00', 'FRANLIN MORENO SOÑEE', 'A', 21060.00, 'credito', '72286130', 0.00, 'pendiente'),
(1314, '2025-03-18 00:00:00', 'LUIS RICARDO QUINTERO', 'A', 219150.00, 'credito', '8715796', 0.00, 'pendiente'),
(1315, '2025-03-18 00:00:00', 'AQUILES ALVAREZ ALVAREZ', 'A', 215970.00, 'credito', '73270697', 0.00, 'pendiente'),
(1316, '2025-03-19 00:00:00', 'FRANLIN MORENO SOÑEE', 'A', 34040.00, 'credito', '72286130', 0.00, 'pendiente'),
(1317, '2025-03-19 00:00:00', 'DANNY GILL', 'A', 116110.00, 'credito', '72335468', 0.00, 'pendiente'),
(1318, '2025-03-19 00:00:00', 'ARIZON MENDONZA', 'A', 215124.00, 'credito', '852765', 0.00, 'pendiente'),
(1319, '2025-03-19 00:00:00', 'LEWIS DIAZ', 'A', 14889.00, 'credito', '73432402', 0.00, 'pendiente'),
(1320, '2025-03-19 00:00:00', 'ALMACEN EL EMBOBINADOR', 'A', 145400.00, 'credito', '890109864-6', 0.00, 'pendiente');

--
-- Índices para tablas volcadas
--

--
-- Indices de la tabla `categorias`
--
ALTER TABLE `categorias`
  ADD PRIMARY KEY (`id_categoria`);

--
-- Indices de la tabla `cliente`
--
ALTER TABLE `cliente`
  ADD PRIMARY KEY (`id_cliente`);

--
-- Indices de la tabla `pagos`
--
ALTER TABLE `pagos`
  ADD PRIMARY KEY (`id_pago`),
  ADD KEY `id_venta` (`id_venta`);

--
-- Indices de la tabla `productos`
--
ALTER TABLE `productos`
  ADD PRIMARY KEY (`id_producto`),
  ADD KEY `id_proveedor` (`id_proveedor`),
  ADD KEY `productos_ibfk_1` (`id_categoria`);

--
-- Indices de la tabla `proveedores`
--
ALTER TABLE `proveedores`
  ADD PRIMARY KEY (`id_proveedor`);

--
-- Indices de la tabla `usuarios`
--
ALTER TABLE `usuarios`
  ADD PRIMARY KEY (`id_usuario`);

--
-- Indices de la tabla `ventas`
--
ALTER TABLE `ventas`
  ADD PRIMARY KEY (`id_venta`);

--
-- AUTO_INCREMENT de las tablas volcadas
--

--
-- AUTO_INCREMENT de la tabla `categorias`
--
ALTER TABLE `categorias`
  MODIFY `id_categoria` int(11) NOT NULL AUTO_INCREMENT, AUTO_INCREMENT=46;

--
-- AUTO_INCREMENT de la tabla `pagos`
--
ALTER TABLE `pagos`
  MODIFY `id_pago` int(11) NOT NULL AUTO_INCREMENT, AUTO_INCREMENT=258;

--
-- AUTO_INCREMENT de la tabla `productos`
--
ALTER TABLE `productos`
  MODIFY `id_producto` int(11) NOT NULL AUTO_INCREMENT;

--
-- AUTO_INCREMENT de la tabla `proveedores`
--
ALTER TABLE `proveedores`
  MODIFY `id_proveedor` int(11) NOT NULL AUTO_INCREMENT;

--
-- AUTO_INCREMENT de la tabla `usuarios`
--
ALTER TABLE `usuarios`
  MODIFY `id_usuario` int(11) NOT NULL AUTO_INCREMENT, AUTO_INCREMENT=5;

--
-- Restricciones para tablas volcadas
--

--
-- Filtros para la tabla `pagos`
--
ALTER TABLE `pagos`
  ADD CONSTRAINT `pagos_ibfk_1` FOREIGN KEY (`id_venta`) REFERENCES `ventas` (`id_venta`);

--
-- Filtros para la tabla `productos`
--
ALTER TABLE `productos`
  ADD CONSTRAINT `id_proveedor` FOREIGN KEY (`id_proveedor`) REFERENCES `proveedores` (`id_proveedor`) ON DELETE CASCADE ON UPDATE CASCADE,
  ADD CONSTRAINT `productos_ibfk_1` FOREIGN KEY (`id_categoria`) REFERENCES `categorias` (`id_categoria`) ON DELETE CASCADE ON UPDATE CASCADE;
COMMIT;

/*!40101 SET CHARACTER_SET_CLIENT=@OLD_CHARACTER_SET_CLIENT */;
/*!40101 SET CHARACTER_SET_RESULTS=@OLD_CHARACTER_SET_RESULTS */;
/*!40101 SET COLLATION_CONNECTION=@OLD_COLLATION_CONNECTION */;
